"GEO_ID","id"
"NAME","Geographic Area Name"
"CP05_2011_001E","2011 Estimate!!SEX AND AGE!!Total population"
"CP05_2011_002E","2011 Estimate!!SEX AND AGE!!Total population!!Male"
"CP05_2011_003E","2011 Estimate!!SEX AND AGE!!Total population!!Female"
"CP05_2011_004E","2011 Estimate!!SEX AND AGE!!Under 5 years"
"CP05_2011_005E","2011 Estimate!!SEX AND AGE!!5 to 9 years"
"CP05_2011_006E","2011 Estimate!!SEX AND AGE!!10 to 14 years"
"CP05_2011_007E","2011 Estimate!!SEX AND AGE!!15 to 19 years"
"CP05_2011_008E","2011 Estimate!!SEX AND AGE!!20 to 24 years"
"CP05_2011_009E","2011 Estimate!!SEX AND AGE!!25 to 34 years"
"CP05_2011_010E","2011 Estimate!!SEX AND AGE!!35 to 44 years"
"CP05_2011_011E","2011 Estimate!!SEX AND AGE!!45 to 54 years"
"CP05_2011_012E","2011 Estimate!!SEX AND AGE!!55 to 59 years"
"CP05_2011_013E","2011 Estimate!!SEX AND AGE!!60 to 64 years"
"CP05_2011_014E","2011 Estimate!!SEX AND AGE!!65 to 74 years"
"CP05_2011_015E","2011 Estimate!!SEX AND AGE!!75 to 84 years"
"CP05_2011_016E","2011 Estimate!!SEX AND AGE!!85 years and over"
"CP05_2011_017E","2011 Estimate!!SEX AND AGE!!Median age (years)"
"CP05_2011_018E","2011 Estimate!!SEX AND AGE!!18 years and over"
"CP05_2011_019E","2011 Estimate!!SEX AND AGE!!21 years and over"
"CP05_2011_020E","2011 Estimate!!SEX AND AGE!!62 years and over"
"CP05_2011_021E","2011 Estimate!!SEX AND AGE!!65 years and over"
"CP05_2011_022E","2011 Estimate!!SEX AND AGE!!18 years and over"
"CP05_2011_023E","2011 Estimate!!SEX AND AGE!!18 years and over!!Male"
"CP05_2011_024E","2011 Estimate!!SEX AND AGE!!18 years and over!!Female"
"CP05_2011_025E","2011 Estimate!!SEX AND AGE!!65 years and over"
"CP05_2011_026E","2011 Estimate!!SEX AND AGE!!65 years and over!!Male"
"CP05_2011_027E","2011 Estimate!!SEX AND AGE!!65 years and over!!Female"
"CP05_2011_028E","2011 Estimate!!RACE!!Total population"
"CP05_2011_029E","2011 Estimate!!RACE!!Total population!!One race"
"CP05_2011_030E","2011 Estimate!!RACE!!Total population!!Two or more races"
"CP05_2011_031E","2011 Estimate!!RACE!!One race"
"CP05_2011_032E","2011 Estimate!!RACE!!One race!!White"
"CP05_2011_033E","2011 Estimate!!RACE!!One race!!Black or African American"
"CP05_2011_034E","2011 Estimate!!RACE!!One race!!American Indian and Alaska Native"
"CP05_2011_035E","2011 Estimate!!RACE!!One race!!American Indian and Alaska Native!!Cherokee tribal grouping"
"CP05_2011_036E","2011 Estimate!!RACE!!One race!!American Indian and Alaska Native!!Chippewa tribal grouping"
"CP05_2011_037E","2011 Estimate!!RACE!!One race!!American Indian and Alaska Native!!Navajo tribal grouping"
"CP05_2011_038E","2011 Estimate!!RACE!!One race!!American Indian and Alaska Native!!Sioux tribal grouping"
"CP05_2011_039E","2011 Estimate!!RACE!!One race!!Asian"
"CP05_2011_040E","2011 Estimate!!RACE!!One race!!Asian!!Asian Indian"
"CP05_2011_041E","2011 Estimate!!RACE!!One race!!Asian!!Chinese"
"CP05_2011_042E","2011 Estimate!!RACE!!One race!!Asian!!Filipino"
"CP05_2011_043E","2011 Estimate!!RACE!!One race!!Asian!!Japanese"
"CP05_2011_044E","2011 Estimate!!RACE!!One race!!Asian!!Korean"
"CP05_2011_045E","2011 Estimate!!RACE!!One race!!Asian!!Vietnamese"
"CP05_2011_046E","2011 Estimate!!RACE!!One race!!Asian!!Other Asian"
"CP05_2011_047E","2011 Estimate!!RACE!!One race!!Native Hawaiian and Other Pacific Islander"
"CP05_2011_048E","2011 Estimate!!RACE!!One race!!Native Hawaiian and Other Pacific Islander!!Native Hawaiian"
"CP05_2011_049E","2011 Estimate!!RACE!!One race!!Native Hawaiian and Other Pacific Islander!!Guamanian or Chamorro"
"CP05_2011_050E","2011 Estimate!!RACE!!One race!!Native Hawaiian and Other Pacific Islander!!Samoan"
"CP05_2011_051E","2011 Estimate!!RACE!!One race!!Native Hawaiian and Other Pacific Islander!!Other Pacific Islander"
"CP05_2011_052E","2011 Estimate!!RACE!!One race!!Some other race"
"CP05_2011_053E","2011 Estimate!!RACE!!Two or more races"
"CP05_2011_054E","2011 Estimate!!RACE!!Two or more races!!White and Black or African American"
"CP05_2011_055E","2011 Estimate!!RACE!!Two or more races!!White and American Indian and Alaska Native"
"CP05_2011_056E","2011 Estimate!!RACE!!Two or more races!!White and Asian"
"CP05_2011_057E","2011 Estimate!!RACE!!Two or more races!!Black or African American and American Indian and Alaska Native"
"CP05_2011_058E","2011 Estimate!!RACE!!Race alone or in combination with one or more other races!!Total population"
"CP05_2011_059E","2011 Estimate!!RACE!!Race alone or in combination with one or more other races!!Total population!!White"
"CP05_2011_060E","2011 Estimate!!RACE!!Race alone or in combination with one or more other races!!Total population!!Black or African American"
"CP05_2011_061E","2011 Estimate!!RACE!!Race alone or in combination with one or more other races!!Total population!!American Indian and Alaska Native"
"CP05_2011_062E","2011 Estimate!!RACE!!Race alone or in combination with one or more other races!!Total population!!Asian"
"CP05_2011_063E","2011 Estimate!!RACE!!Race alone or in combination with one or more other races!!Total population!!Native Hawaiian and Other Pacific Islander"
"CP05_2011_064E","2011 Estimate!!RACE!!Race alone or in combination with one or more other races!!Total population!!Some other race"
"CP05_2011_065E","2011 Estimate!!HISPANIC OR LATINO AND RACE!!Total population"
"CP05_2011_066E","2011 Estimate!!HISPANIC OR LATINO AND RACE!!Total population!!Hispanic or Latino (of any race)"
"CP05_2011_067E","2011 Estimate!!HISPANIC OR LATINO AND RACE!!Total population!!Hispanic or Latino (of any race)!!Mexican"
"CP05_2011_068E","2011 Estimate!!HISPANIC OR LATINO AND RACE!!Total population!!Hispanic or Latino (of any race)!!Puerto Rican"
"CP05_2011_069E","2011 Estimate!!HISPANIC OR LATINO AND RACE!!Total population!!Hispanic or Latino (of any race)!!Cuban"
"CP05_2011_070E","2011 Estimate!!HISPANIC OR LATINO AND RACE!!Total population!!Hispanic or Latino (of any race)!!Other Hispanic or Latino"
"CP05_2011_071E","2011 Estimate!!HISPANIC OR LATINO AND RACE!!Total population!!Not Hispanic or Latino"
"CP05_2011_072E","2011 Estimate!!HISPANIC OR LATINO AND RACE!!Total population!!Not Hispanic or Latino!!White alone"
"CP05_2011_073E","2011 Estimate!!HISPANIC OR LATINO AND RACE!!Total population!!Not Hispanic or Latino!!Black or African American alone"
"CP05_2011_074E","2011 Estimate!!HISPANIC OR LATINO AND RACE!!Total population!!Not Hispanic or Latino!!American Indian and Alaska Native alone"
"CP05_2011_075E","2011 Estimate!!HISPANIC OR LATINO AND RACE!!Total population!!Not Hispanic or Latino!!Asian alone"
"CP05_2011_076E","2011 Estimate!!HISPANIC OR LATINO AND RACE!!Total population!!Not Hispanic or Latino!!Native Hawaiian and Other Pacific Islander alone"
"CP05_2011_077E","2011 Estimate!!HISPANIC OR LATINO AND RACE!!Total population!!Not Hispanic or Latino!!Some other race alone"
"CP05_2011_078E","2011 Estimate!!HISPANIC OR LATINO AND RACE!!Total population!!Not Hispanic or Latino!!Two or more races"
"CP05_2011_079E","2011 Estimate!!HISPANIC OR LATINO AND RACE!!Total population!!Not Hispanic or Latino!!Two or more races!!Two races including Some other race"
"CP05_2011_080E","2011 Estimate!!HISPANIC OR LATINO AND RACE!!Total population!!Not Hispanic or Latino!!Two or more races!!Two races excluding Some other race, and Three or more races"
"CP05_2011_081E","2011 Estimate!!HISPANIC OR LATINO AND RACE!!Total housing units"
"CP05_2011_082E","2011 Estimate!!CITIZEN, VOTING AGE POPULATION!!Citizen, 18 and over population"
"CP05_2011_083E","2011 Estimate!!CITIZEN, VOTING AGE POPULATION!!Citizen, 18 and over population!!Male"
"CP05_2011_084E","2011 Estimate!!CITIZEN, VOTING AGE POPULATION!!Citizen, 18 and over population!!Female"
"CP05_2012_001E","2012 Estimate!!SEX AND AGE!!Total population"
"CP05_2012_002E","2012 Estimate!!SEX AND AGE!!Total population!!Male"
"CP05_2012_003E","2012 Estimate!!SEX AND AGE!!Total population!!Female"
"CP05_2012_004E","2012 Estimate!!SEX AND AGE!!Under 5 years"
"CP05_2012_005E","2012 Estimate!!SEX AND AGE!!5 to 9 years"
"CP05_2012_006E","2012 Estimate!!SEX AND AGE!!10 to 14 years"
"CP05_2012_007E","2012 Estimate!!SEX AND AGE!!15 to 19 years"
"CP05_2012_008E","2012 Estimate!!SEX AND AGE!!20 to 24 years"
"CP05_2012_009E","2012 Estimate!!SEX AND AGE!!25 to 34 years"
"CP05_2012_010E","2012 Estimate!!SEX AND AGE!!35 to 44 years"
"CP05_2012_011E","2012 Estimate!!SEX AND AGE!!45 to 54 years"
"CP05_2012_012E","2012 Estimate!!SEX AND AGE!!55 to 59 years"
"CP05_2012_013E","2012 Estimate!!SEX AND AGE!!60 to 64 years"
"CP05_2012_014E","2012 Estimate!!SEX AND AGE!!65 to 74 years"
"CP05_2012_015E","2012 Estimate!!SEX AND AGE!!75 to 84 years"
"CP05_2012_016E","2012 Estimate!!SEX AND AGE!!85 years and over"
"CP05_2012_017E","2012 Estimate!!SEX AND AGE!!Median age (years)"
"CP05_2012_018E","2012 Estimate!!SEX AND AGE!!18 years and over"
"CP05_2012_019E","2012 Estimate!!SEX AND AGE!!21 years and over"
"CP05_2012_020E","2012 Estimate!!SEX AND AGE!!62 years and over"
"CP05_2012_021E","2012 Estimate!!SEX AND AGE!!65 years and over"
"CP05_2012_022E","2012 Estimate!!SEX AND AGE!!18 years and over"
"CP05_2012_023E","2012 Estimate!!SEX AND AGE!!18 years and over!!Male"
"CP05_2012_024E","2012 Estimate!!SEX AND AGE!!18 years and over!!Female"
"CP05_2012_025E","2012 Estimate!!SEX AND AGE!!65 years and over"
"CP05_2012_026E","2012 Estimate!!SEX AND AGE!!65 years and over!!Male"
"CP05_2012_027E","2012 Estimate!!SEX AND AGE!!65 years and over!!Female"
"CP05_2012_028E","2012 Estimate!!RACE!!Total population"
"CP05_2012_029E","2012 Estimate!!RACE!!Total population!!One race"
"CP05_2012_030E","2012 Estimate!!RACE!!Total population!!Two or more races"
"CP05_2012_031E","2012 Estimate!!RACE!!One race"
"CP05_2012_032E","2012 Estimate!!RACE!!One race!!White"
"CP05_2012_033E","2012 Estimate!!RACE!!One race!!Black or African American"
"CP05_2012_034E","2012 Estimate!!RACE!!One race!!American Indian and Alaska Native"
"CP05_2012_035E","2012 Estimate!!RACE!!One race!!American Indian and Alaska Native!!Cherokee tribal grouping"
"CP05_2012_036E","2012 Estimate!!RACE!!One race!!American Indian and Alaska Native!!Chippewa tribal grouping"
"CP05_2012_037E","2012 Estimate!!RACE!!One race!!American Indian and Alaska Native!!Navajo tribal grouping"
"CP05_2012_038E","2012 Estimate!!RACE!!One race!!American Indian and Alaska Native!!Sioux tribal grouping"
"CP05_2012_039E","2012 Estimate!!RACE!!One race!!Asian"
"CP05_2012_040E","2012 Estimate!!RACE!!One race!!Asian!!Asian Indian"
"CP05_2012_041E","2012 Estimate!!RACE!!One race!!Asian!!Chinese"
"CP05_2012_042E","2012 Estimate!!RACE!!One race!!Asian!!Filipino"
"CP05_2012_043E","2012 Estimate!!RACE!!One race!!Asian!!Japanese"
"CP05_2012_044E","2012 Estimate!!RACE!!One race!!Asian!!Korean"
"CP05_2012_045E","2012 Estimate!!RACE!!One race!!Asian!!Vietnamese"
"CP05_2012_046E","2012 Estimate!!RACE!!One race!!Asian!!Other Asian"
"CP05_2012_047E","2012 Estimate!!RACE!!One race!!Native Hawaiian and Other Pacific Islander"
"CP05_2012_048E","2012 Estimate!!RACE!!One race!!Native Hawaiian and Other Pacific Islander!!Native Hawaiian"
"CP05_2012_049E","2012 Estimate!!RACE!!One race!!Native Hawaiian and Other Pacific Islander!!Guamanian or Chamorro"
"CP05_2012_050E","2012 Estimate!!RACE!!One race!!Native Hawaiian and Other Pacific Islander!!Samoan"
"CP05_2012_051E","2012 Estimate!!RACE!!One race!!Native Hawaiian and Other Pacific Islander!!Other Pacific Islander"
"CP05_2012_052E","2012 Estimate!!RACE!!One race!!Some other race"
"CP05_2012_053E","2012 Estimate!!RACE!!Two or more races"
"CP05_2012_054E","2012 Estimate!!RACE!!Two or more races!!White and Black or African American"
"CP05_2012_055E","2012 Estimate!!RACE!!Two or more races!!White and American Indian and Alaska Native"
"CP05_2012_056E","2012 Estimate!!RACE!!Two or more races!!White and Asian"
"CP05_2012_057E","2012 Estimate!!RACE!!Two or more races!!Black or African American and American Indian and Alaska Native"
"CP05_2012_058E","2012 Estimate!!RACE!!Race alone or in combination with one or more other races!!Total population"
"CP05_2012_059E","2012 Estimate!!RACE!!Race alone or in combination with one or more other races!!Total population!!White"
"CP05_2012_060E","2012 Estimate!!RACE!!Race alone or in combination with one or more other races!!Total population!!Black or African American"
"CP05_2012_061E","2012 Estimate!!RACE!!Race alone or in combination with one or more other races!!Total population!!American Indian and Alaska Native"
"CP05_2012_062E","2012 Estimate!!RACE!!Race alone or in combination with one or more other races!!Total population!!Asian"
"CP05_2012_063E","2012 Estimate!!RACE!!Race alone or in combination with one or more other races!!Total population!!Native Hawaiian and Other Pacific Islander"
"CP05_2012_064E","2012 Estimate!!RACE!!Race alone or in combination with one or more other races!!Total population!!Some other race"
"CP05_2012_065E","2012 Estimate!!HISPANIC OR LATINO AND RACE!!Total population"
"CP05_2012_066E","2012 Estimate!!HISPANIC OR LATINO AND RACE!!Total population!!Hispanic or Latino (of any race)"
"CP05_2012_067E","2012 Estimate!!HISPANIC OR LATINO AND RACE!!Total population!!Hispanic or Latino (of any race)!!Mexican"
"CP05_2012_068E","2012 Estimate!!HISPANIC OR LATINO AND RACE!!Total population!!Hispanic or Latino (of any race)!!Puerto Rican"
"CP05_2012_069E","2012 Estimate!!HISPANIC OR LATINO AND RACE!!Total population!!Hispanic or Latino (of any race)!!Cuban"
"CP05_2012_070E","2012 Estimate!!HISPANIC OR LATINO AND RACE!!Total population!!Hispanic or Latino (of any race)!!Other Hispanic or Latino"
"CP05_2012_071E","2012 Estimate!!HISPANIC OR LATINO AND RACE!!Total population!!Not Hispanic or Latino"
"CP05_2012_072E","2012 Estimate!!HISPANIC OR LATINO AND RACE!!Total population!!Not Hispanic or Latino!!White alone"
"CP05_2012_073E","2012 Estimate!!HISPANIC OR LATINO AND RACE!!Total population!!Not Hispanic or Latino!!Black or African American alone"
"CP05_2012_074E","2012 Estimate!!HISPANIC OR LATINO AND RACE!!Total population!!Not Hispanic or Latino!!American Indian and Alaska Native alone"
"CP05_2012_075E","2012 Estimate!!HISPANIC OR LATINO AND RACE!!Total population!!Not Hispanic or Latino!!Asian alone"
"CP05_2012_076E","2012 Estimate!!HISPANIC OR LATINO AND RACE!!Total population!!Not Hispanic or Latino!!Native Hawaiian and Other Pacific Islander alone"
"CP05_2012_077E","2012 Estimate!!HISPANIC OR LATINO AND RACE!!Total population!!Not Hispanic or Latino!!Some other race alone"
"CP05_2012_078E","2012 Estimate!!HISPANIC OR LATINO AND RACE!!Total population!!Not Hispanic or Latino!!Two or more races"
"CP05_2012_079E","2012 Estimate!!HISPANIC OR LATINO AND RACE!!Total population!!Not Hispanic or Latino!!Two or more races!!Two races including Some other race"
"CP05_2012_080E","2012 Estimate!!HISPANIC OR LATINO AND RACE!!Total population!!Not Hispanic or Latino!!Two or more races!!Two races excluding Some other race, and Three or more races"
"CP05_2012_081E","2012 Estimate!!HISPANIC OR LATINO AND RACE!!Total housing units"
"CP05_2012_082E","2012 Estimate!!CITIZEN, VOTING AGE POPULATION!!Citizen, 18 and over population"
"CP05_2012_083E","2012 Estimate!!CITIZEN, VOTING AGE POPULATION!!Citizen, 18 and over population!!Male"
"CP05_2012_084E","2012 Estimate!!CITIZEN, VOTING AGE POPULATION!!Citizen, 18 and over population!!Female"
"CP05_2013_001E","2013 Estimate!!SEX AND AGE!!Total population"
"CP05_2013_002E","2013 Estimate!!SEX AND AGE!!Total population!!Male"
"CP05_2013_003E","2013 Estimate!!SEX AND AGE!!Total population!!Female"
"CP05_2013_004E","2013 Estimate!!SEX AND AGE!!Under 5 years"
"CP05_2013_005E","2013 Estimate!!SEX AND AGE!!5 to 9 years"
"CP05_2013_006E","2013 Estimate!!SEX AND AGE!!10 to 14 years"
"CP05_2013_007E","2013 Estimate!!SEX AND AGE!!15 to 19 years"
"CP05_2013_008E","2013 Estimate!!SEX AND AGE!!20 to 24 years"
"CP05_2013_009E","2013 Estimate!!SEX AND AGE!!25 to 34 years"
"CP05_2013_010E","2013 Estimate!!SEX AND AGE!!35 to 44 years"
"CP05_2013_011E","2013 Estimate!!SEX AND AGE!!45 to 54 years"
"CP05_2013_012E","2013 Estimate!!SEX AND AGE!!55 to 59 years"
"CP05_2013_013E","2013 Estimate!!SEX AND AGE!!60 to 64 years"
"CP05_2013_014E","2013 Estimate!!SEX AND AGE!!65 to 74 years"
"CP05_2013_015E","2013 Estimate!!SEX AND AGE!!75 to 84 years"
"CP05_2013_016E","2013 Estimate!!SEX AND AGE!!85 years and over"
"CP05_2013_017E","2013 Estimate!!SEX AND AGE!!Median age (years)"
"CP05_2013_018E","2013 Estimate!!SEX AND AGE!!18 years and over"
"CP05_2013_019E","2013 Estimate!!SEX AND AGE!!21 years and over"
"CP05_2013_020E","2013 Estimate!!SEX AND AGE!!62 years and over"
"CP05_2013_021E","2013 Estimate!!SEX AND AGE!!65 years and over"
"CP05_2013_022E","2013 Estimate!!SEX AND AGE!!18 years and over"
"CP05_2013_023E","2013 Estimate!!SEX AND AGE!!18 years and over!!Male"
"CP05_2013_024E","2013 Estimate!!SEX AND AGE!!18 years and over!!Female"
"CP05_2013_025E","2013 Estimate!!SEX AND AGE!!65 years and over"
"CP05_2013_026E","2013 Estimate!!SEX AND AGE!!65 years and over!!Male"
"CP05_2013_027E","2013 Estimate!!SEX AND AGE!!65 years and over!!Female"
"CP05_2013_028E","2013 Estimate!!RACE!!Total population"
"CP05_2013_029E","2013 Estimate!!RACE!!Total population!!One race"
"CP05_2013_030E","2013 Estimate!!RACE!!Total population!!Two or more races"
"CP05_2013_031E","2013 Estimate!!RACE!!One race"
"CP05_2013_032E","2013 Estimate!!RACE!!One race!!White"
"CP05_2013_033E","2013 Estimate!!RACE!!One race!!Black or African American"
"CP05_2013_034E","2013 Estimate!!RACE!!One race!!American Indian and Alaska Native"
"CP05_2013_035E","2013 Estimate!!RACE!!One race!!American Indian and Alaska Native!!Cherokee tribal grouping"
"CP05_2013_036E","2013 Estimate!!RACE!!One race!!American Indian and Alaska Native!!Chippewa tribal grouping"
"CP05_2013_037E","2013 Estimate!!RACE!!One race!!American Indian and Alaska Native!!Navajo tribal grouping"
"CP05_2013_038E","2013 Estimate!!RACE!!One race!!American Indian and Alaska Native!!Sioux tribal grouping"
"CP05_2013_039E","2013 Estimate!!RACE!!One race!!Asian"
"CP05_2013_040E","2013 Estimate!!RACE!!One race!!Asian!!Asian Indian"
"CP05_2013_041E","2013 Estimate!!RACE!!One race!!Asian!!Chinese"
"CP05_2013_042E","2013 Estimate!!RACE!!One race!!Asian!!Filipino"
"CP05_2013_043E","2013 Estimate!!RACE!!One race!!Asian!!Japanese"
"CP05_2013_044E","2013 Estimate!!RACE!!One race!!Asian!!Korean"
"CP05_2013_045E","2013 Estimate!!RACE!!One race!!Asian!!Vietnamese"
"CP05_2013_046E","2013 Estimate!!RACE!!One race!!Asian!!Other Asian"
"CP05_2013_047E","2013 Estimate!!RACE!!One race!!Native Hawaiian and Other Pacific Islander"
"CP05_2013_048E","2013 Estimate!!RACE!!One race!!Native Hawaiian and Other Pacific Islander!!Native Hawaiian"
"CP05_2013_049E","2013 Estimate!!RACE!!One race!!Native Hawaiian and Other Pacific Islander!!Guamanian or Chamorro"
"CP05_2013_050E","2013 Estimate!!RACE!!One race!!Native Hawaiian and Other Pacific Islander!!Samoan"
"CP05_2013_051E","2013 Estimate!!RACE!!One race!!Native Hawaiian and Other Pacific Islander!!Other Pacific Islander"
"CP05_2013_052E","2013 Estimate!!RACE!!One race!!Some other race"
"CP05_2013_053E","2013 Estimate!!RACE!!Two or more races"
"CP05_2013_054E","2013 Estimate!!RACE!!Two or more races!!White and Black or African American"
"CP05_2013_055E","2013 Estimate!!RACE!!Two or more races!!White and American Indian and Alaska Native"
"CP05_2013_056E","2013 Estimate!!RACE!!Two or more races!!White and Asian"
"CP05_2013_057E","2013 Estimate!!RACE!!Two or more races!!Black or African American and American Indian and Alaska Native"
"CP05_2013_058E","2013 Estimate!!RACE!!Race alone or in combination with one or more other races!!Total population"
"CP05_2013_059E","2013 Estimate!!RACE!!Race alone or in combination with one or more other races!!Total population!!White"
"CP05_2013_060E","2013 Estimate!!RACE!!Race alone or in combination with one or more other races!!Total population!!Black or African American"
"CP05_2013_061E","2013 Estimate!!RACE!!Race alone or in combination with one or more other races!!Total population!!American Indian and Alaska Native"
"CP05_2013_062E","2013 Estimate!!RACE!!Race alone or in combination with one or more other races!!Total population!!Asian"
"CP05_2013_063E","2013 Estimate!!RACE!!Race alone or in combination with one or more other races!!Total population!!Native Hawaiian and Other Pacific Islander"
"CP05_2013_064E","2013 Estimate!!RACE!!Race alone or in combination with one or more other races!!Total population!!Some other race"
"CP05_2013_065E","2013 Estimate!!HISPANIC OR LATINO AND RACE!!Total population"
"CP05_2013_066E","2013 Estimate!!HISPANIC OR LATINO AND RACE!!Total population!!Hispanic or Latino (of any race)"
"CP05_2013_067E","2013 Estimate!!HISPANIC OR LATINO AND RACE!!Total population!!Hispanic or Latino (of any race)!!Mexican"
"CP05_2013_068E","2013 Estimate!!HISPANIC OR LATINO AND RACE!!Total population!!Hispanic or Latino (of any race)!!Puerto Rican"
"CP05_2013_069E","2013 Estimate!!HISPANIC OR LATINO AND RACE!!Total population!!Hispanic or Latino (of any race)!!Cuban"
"CP05_2013_070E","2013 Estimate!!HISPANIC OR LATINO AND RACE!!Total population!!Hispanic or Latino (of any race)!!Other Hispanic or Latino"
"CP05_2013_071E","2013 Estimate!!HISPANIC OR LATINO AND RACE!!Total population!!Not Hispanic or Latino"
"CP05_2013_072E","2013 Estimate!!HISPANIC OR LATINO AND RACE!!Total population!!Not Hispanic or Latino!!White alone"
"CP05_2013_073E","2013 Estimate!!HISPANIC OR LATINO AND RACE!!Total population!!Not Hispanic or Latino!!Black or African American alone"
"CP05_2013_074E","2013 Estimate!!HISPANIC OR LATINO AND RACE!!Total population!!Not Hispanic or Latino!!American Indian and Alaska Native alone"
"CP05_2013_075E","2013 Estimate!!HISPANIC OR LATINO AND RACE!!Total population!!Not Hispanic or Latino!!Asian alone"
"CP05_2013_076E","2013 Estimate!!HISPANIC OR LATINO AND RACE!!Total population!!Not Hispanic or Latino!!Native Hawaiian and Other Pacific Islander alone"
"CP05_2013_077E","2013 Estimate!!HISPANIC OR LATINO AND RACE!!Total population!!Not Hispanic or Latino!!Some other race alone"
"CP05_2013_078E","2013 Estimate!!HISPANIC OR LATINO AND RACE!!Total population!!Not Hispanic or Latino!!Two or more races"
"CP05_2013_079E","2013 Estimate!!HISPANIC OR LATINO AND RACE!!Total population!!Not Hispanic or Latino!!Two or more races!!Two races including Some other race"
"CP05_2013_080E","2013 Estimate!!HISPANIC OR LATINO AND RACE!!Total population!!Not Hispanic or Latino!!Two or more races!!Two races excluding Some other race, and Three or more races"
"CP05_2013_081E","2013 Estimate!!HISPANIC OR LATINO AND RACE!!Total housing units"
"CP05_2013_082E","2013 Estimate!!CITIZEN, VOTING AGE POPULATION!!Citizen, 18 and over population"
"CP05_2013_083E","2013 Estimate!!CITIZEN, VOTING AGE POPULATION!!Citizen, 18 and over population!!Male"
"CP05_2013_084E","2013 Estimate!!CITIZEN, VOTING AGE POPULATION!!Citizen, 18 and over population!!Female"
"CP05_2014_001E","2014 Estimate!!SEX AND AGE!!Total population"
"CP05_2014_002E","2014 Estimate!!SEX AND AGE!!Total population!!Male"
"CP05_2014_003E","2014 Estimate!!SEX AND AGE!!Total population!!Female"
"CP05_2014_004E","2014 Estimate!!SEX AND AGE!!Under 5 years"
"CP05_2014_005E","2014 Estimate!!SEX AND AGE!!5 to 9 years"
"CP05_2014_006E","2014 Estimate!!SEX AND AGE!!10 to 14 years"
"CP05_2014_007E","2014 Estimate!!SEX AND AGE!!15 to 19 years"
"CP05_2014_008E","2014 Estimate!!SEX AND AGE!!20 to 24 years"
"CP05_2014_009E","2014 Estimate!!SEX AND AGE!!25 to 34 years"
"CP05_2014_010E","2014 Estimate!!SEX AND AGE!!35 to 44 years"
"CP05_2014_011E","2014 Estimate!!SEX AND AGE!!45 to 54 years"
"CP05_2014_012E","2014 Estimate!!SEX AND AGE!!55 to 59 years"
"CP05_2014_013E","2014 Estimate!!SEX AND AGE!!60 to 64 years"
"CP05_2014_014E","2014 Estimate!!SEX AND AGE!!65 to 74 years"
"CP05_2014_015E","2014 Estimate!!SEX AND AGE!!75 to 84 years"
"CP05_2014_016E","2014 Estimate!!SEX AND AGE!!85 years and over"
"CP05_2014_017E","2014 Estimate!!SEX AND AGE!!Median age (years)"
"CP05_2014_018E","2014 Estimate!!SEX AND AGE!!18 years and over"
"CP05_2014_019E","2014 Estimate!!SEX AND AGE!!21 years and over"
"CP05_2014_020E","2014 Estimate!!SEX AND AGE!!62 years and over"
"CP05_2014_021E","2014 Estimate!!SEX AND AGE!!65 years and over"
"CP05_2014_022E","2014 Estimate!!SEX AND AGE!!18 years and over"
"CP05_2014_023E","2014 Estimate!!SEX AND AGE!!18 years and over!!Male"
"CP05_2014_024E","2014 Estimate!!SEX AND AGE!!18 years and over!!Female"
"CP05_2014_025E","2014 Estimate!!SEX AND AGE!!65 years and over"
"CP05_2014_026E","2014 Estimate!!SEX AND AGE!!65 years and over!!Male"
"CP05_2014_027E","2014 Estimate!!SEX AND AGE!!65 years and over!!Female"
"CP05_2014_028E","2014 Estimate!!RACE!!Total population"
"CP05_2014_029E","2014 Estimate!!RACE!!Total population!!One race"
"CP05_2014_030E","2014 Estimate!!RACE!!Total population!!Two or more races"
"CP05_2014_031E","2014 Estimate!!RACE!!One race"
"CP05_2014_032E","2014 Estimate!!RACE!!One race!!White"
"CP05_2014_033E","2014 Estimate!!RACE!!One race!!Black or African American"
"CP05_2014_034E","2014 Estimate!!RACE!!One race!!American Indian and Alaska Native"
"CP05_2014_035E","2014 Estimate!!RACE!!One race!!American Indian and Alaska Native!!Cherokee tribal grouping"
"CP05_2014_036E","2014 Estimate!!RACE!!One race!!American Indian and Alaska Native!!Chippewa tribal grouping"
"CP05_2014_037E","2014 Estimate!!RACE!!One race!!American Indian and Alaska Native!!Navajo tribal grouping"
"CP05_2014_038E","2014 Estimate!!RACE!!One race!!American Indian and Alaska Native!!Sioux tribal grouping"
"CP05_2014_039E","2014 Estimate!!RACE!!One race!!Asian"
"CP05_2014_040E","2014 Estimate!!RACE!!One race!!Asian!!Asian Indian"
"CP05_2014_041E","2014 Estimate!!RACE!!One race!!Asian!!Chinese"
"CP05_2014_042E","2014 Estimate!!RACE!!One race!!Asian!!Filipino"
"CP05_2014_043E","2014 Estimate!!RACE!!One race!!Asian!!Japanese"
"CP05_2014_044E","2014 Estimate!!RACE!!One race!!Asian!!Korean"
"CP05_2014_045E","2014 Estimate!!RACE!!One race!!Asian!!Vietnamese"
"CP05_2014_046E","2014 Estimate!!RACE!!One race!!Asian!!Other Asian"
"CP05_2014_047E","2014 Estimate!!RACE!!One race!!Native Hawaiian and Other Pacific Islander"
"CP05_2014_048E","2014 Estimate!!RACE!!One race!!Native Hawaiian and Other Pacific Islander!!Native Hawaiian"
"CP05_2014_049E","2014 Estimate!!RACE!!One race!!Native Hawaiian and Other Pacific Islander!!Guamanian or Chamorro"
"CP05_2014_050E","2014 Estimate!!RACE!!One race!!Native Hawaiian and Other Pacific Islander!!Samoan"
"CP05_2014_051E","2014 Estimate!!RACE!!One race!!Native Hawaiian and Other Pacific Islander!!Other Pacific Islander"
"CP05_2014_052E","2014 Estimate!!RACE!!One race!!Some other race"
"CP05_2014_053E","2014 Estimate!!RACE!!Two or more races"
"CP05_2014_054E","2014 Estimate!!RACE!!Two or more races!!White and Black or African American"
"CP05_2014_055E","2014 Estimate!!RACE!!Two or more races!!White and American Indian and Alaska Native"
"CP05_2014_056E","2014 Estimate!!RACE!!Two or more races!!White and Asian"
"CP05_2014_057E","2014 Estimate!!RACE!!Two or more races!!Black or African American and American Indian and Alaska Native"
"CP05_2014_058E","2014 Estimate!!RACE!!Race alone or in combination with one or more other races!!Total population"
"CP05_2014_059E","2014 Estimate!!RACE!!Race alone or in combination with one or more other races!!Total population!!White"
"CP05_2014_060E","2014 Estimate!!RACE!!Race alone or in combination with one or more other races!!Total population!!Black or African American"
"CP05_2014_061E","2014 Estimate!!RACE!!Race alone or in combination with one or more other races!!Total population!!American Indian and Alaska Native"
"CP05_2014_062E","2014 Estimate!!RACE!!Race alone or in combination with one or more other races!!Total population!!Asian"
"CP05_2014_063E","2014 Estimate!!RACE!!Race alone or in combination with one or more other races!!Total population!!Native Hawaiian and Other Pacific Islander"
"CP05_2014_064E","2014 Estimate!!RACE!!Race alone or in combination with one or more other races!!Total population!!Some other race"
"CP05_2014_065E","2014 Estimate!!HISPANIC OR LATINO AND RACE!!Total population"
"CP05_2014_066E","2014 Estimate!!HISPANIC OR LATINO AND RACE!!Total population!!Hispanic or Latino (of any race)"
"CP05_2014_067E","2014 Estimate!!HISPANIC OR LATINO AND RACE!!Total population!!Hispanic or Latino (of any race)!!Mexican"
"CP05_2014_068E","2014 Estimate!!HISPANIC OR LATINO AND RACE!!Total population!!Hispanic or Latino (of any race)!!Puerto Rican"
"CP05_2014_069E","2014 Estimate!!HISPANIC OR LATINO AND RACE!!Total population!!Hispanic or Latino (of any race)!!Cuban"
"CP05_2014_070E","2014 Estimate!!HISPANIC OR LATINO AND RACE!!Total population!!Hispanic or Latino (of any race)!!Other Hispanic or Latino"
"CP05_2014_071E","2014 Estimate!!HISPANIC OR LATINO AND RACE!!Total population!!Not Hispanic or Latino"
"CP05_2014_072E","2014 Estimate!!HISPANIC OR LATINO AND RACE!!Total population!!Not Hispanic or Latino!!White alone"
"CP05_2014_073E","2014 Estimate!!HISPANIC OR LATINO AND RACE!!Total population!!Not Hispanic or Latino!!Black or African American alone"
"CP05_2014_074E","2014 Estimate!!HISPANIC OR LATINO AND RACE!!Total population!!Not Hispanic or Latino!!American Indian and Alaska Native alone"
"CP05_2014_075E","2014 Estimate!!HISPANIC OR LATINO AND RACE!!Total population!!Not Hispanic or Latino!!Asian alone"
"CP05_2014_076E","2014 Estimate!!HISPANIC OR LATINO AND RACE!!Total population!!Not Hispanic or Latino!!Native Hawaiian and Other Pacific Islander alone"
"CP05_2014_077E","2014 Estimate!!HISPANIC OR LATINO AND RACE!!Total population!!Not Hispanic or Latino!!Some other race alone"
"CP05_2014_078E","2014 Estimate!!HISPANIC OR LATINO AND RACE!!Total population!!Not Hispanic or Latino!!Two or more races"
"CP05_2014_079E","2014 Estimate!!HISPANIC OR LATINO AND RACE!!Total population!!Not Hispanic or Latino!!Two or more races!!Two races including Some other race"
"CP05_2014_080E","2014 Estimate!!HISPANIC OR LATINO AND RACE!!Total population!!Not Hispanic or Latino!!Two or more races!!Two races excluding Some other race, and Three or more races"
"CP05_2014_081E","2014 Estimate!!HISPANIC OR LATINO AND RACE!!Total housing units"
"CP05_2014_082E","2014 Estimate!!CITIZEN, VOTING AGE POPULATION!!Citizen, 18 and over population"
"CP05_2014_083E","2014 Estimate!!CITIZEN, VOTING AGE POPULATION!!Citizen, 18 and over population!!Male"
"CP05_2014_084E","2014 Estimate!!CITIZEN, VOTING AGE POPULATION!!Citizen, 18 and over population!!Female"
"CP05_2015_001E","2015 Estimate!!SEX AND AGE!!Total population"
"CP05_2015_002E","2015 Estimate!!SEX AND AGE!!Total population!!Male"
"CP05_2015_003E","2015 Estimate!!SEX AND AGE!!Total population!!Female"
"CP05_2015_004E","2015 Estimate!!SEX AND AGE!!Under 5 years"
"CP05_2015_005E","2015 Estimate!!SEX AND AGE!!5 to 9 years"
"CP05_2015_006E","2015 Estimate!!SEX AND AGE!!10 to 14 years"
"CP05_2015_007E","2015 Estimate!!SEX AND AGE!!15 to 19 years"
"CP05_2015_008E","2015 Estimate!!SEX AND AGE!!20 to 24 years"
"CP05_2015_009E","2015 Estimate!!SEX AND AGE!!25 to 34 years"
"CP05_2015_010E","2015 Estimate!!SEX AND AGE!!35 to 44 years"
"CP05_2015_011E","2015 Estimate!!SEX AND AGE!!45 to 54 years"
"CP05_2015_012E","2015 Estimate!!SEX AND AGE!!55 to 59 years"
"CP05_2015_013E","2015 Estimate!!SEX AND AGE!!60 to 64 years"
"CP05_2015_014E","2015 Estimate!!SEX AND AGE!!65 to 74 years"
"CP05_2015_015E","2015 Estimate!!SEX AND AGE!!75 to 84 years"
"CP05_2015_016E","2015 Estimate!!SEX AND AGE!!85 years and over"
"CP05_2015_017E","2015 Estimate!!SEX AND AGE!!Median age (years)"
"CP05_2015_018E","2015 Estimate!!SEX AND AGE!!18 years and over"
"CP05_2015_019E","2015 Estimate!!SEX AND AGE!!21 years and over"
"CP05_2015_020E","2015 Estimate!!SEX AND AGE!!62 years and over"
"CP05_2015_021E","2015 Estimate!!SEX AND AGE!!65 years and over"
"CP05_2015_022E","2015 Estimate!!SEX AND AGE!!18 years and over"
"CP05_2015_023E","2015 Estimate!!SEX AND AGE!!18 years and over!!Male"
"CP05_2015_024E","2015 Estimate!!SEX AND AGE!!18 years and over!!Female"
"CP05_2015_025E","2015 Estimate!!SEX AND AGE!!65 years and over"
"CP05_2015_026E","2015 Estimate!!SEX AND AGE!!65 years and over!!Male"
"CP05_2015_027E","2015 Estimate!!SEX AND AGE!!65 years and over!!Female"
"CP05_2015_028E","2015 Estimate!!RACE!!Total population"
"CP05_2015_029E","2015 Estimate!!RACE!!Total population!!One race"
"CP05_2015_030E","2015 Estimate!!RACE!!Total population!!Two or more races"
"CP05_2015_031E","2015 Estimate!!RACE!!One race"
"CP05_2015_032E","2015 Estimate!!RACE!!One race!!White"
"CP05_2015_033E","2015 Estimate!!RACE!!One race!!Black or African American"
"CP05_2015_034E","2015 Estimate!!RACE!!One race!!American Indian and Alaska Native"
"CP05_2015_035E","2015 Estimate!!RACE!!One race!!American Indian and Alaska Native!!Cherokee tribal grouping"
"CP05_2015_036E","2015 Estimate!!RACE!!One race!!American Indian and Alaska Native!!Chippewa tribal grouping"
"CP05_2015_037E","2015 Estimate!!RACE!!One race!!American Indian and Alaska Native!!Navajo tribal grouping"
"CP05_2015_038E","2015 Estimate!!RACE!!One race!!American Indian and Alaska Native!!Sioux tribal grouping"
"CP05_2015_039E","2015 Estimate!!RACE!!One race!!Asian"
"CP05_2015_040E","2015 Estimate!!RACE!!One race!!Asian!!Asian Indian"
"CP05_2015_041E","2015 Estimate!!RACE!!One race!!Asian!!Chinese"
"CP05_2015_042E","2015 Estimate!!RACE!!One race!!Asian!!Filipino"
"CP05_2015_043E","2015 Estimate!!RACE!!One race!!Asian!!Japanese"
"CP05_2015_044E","2015 Estimate!!RACE!!One race!!Asian!!Korean"
"CP05_2015_045E","2015 Estimate!!RACE!!One race!!Asian!!Vietnamese"
"CP05_2015_046E","2015 Estimate!!RACE!!One race!!Asian!!Other Asian"
"CP05_2015_047E","2015 Estimate!!RACE!!One race!!Native Hawaiian and Other Pacific Islander"
"CP05_2015_048E","2015 Estimate!!RACE!!One race!!Native Hawaiian and Other Pacific Islander!!Native Hawaiian"
"CP05_2015_049E","2015 Estimate!!RACE!!One race!!Native Hawaiian and Other Pacific Islander!!Guamanian or Chamorro"
"CP05_2015_050E","2015 Estimate!!RACE!!One race!!Native Hawaiian and Other Pacific Islander!!Samoan"
"CP05_2015_051E","2015 Estimate!!RACE!!One race!!Native Hawaiian and Other Pacific Islander!!Other Pacific Islander"
"CP05_2015_052E","2015 Estimate!!RACE!!One race!!Some other race"
"CP05_2015_053E","2015 Estimate!!RACE!!Two or more races"
"CP05_2015_054E","2015 Estimate!!RACE!!Two or more races!!White and Black or African American"
"CP05_2015_055E","2015 Estimate!!RACE!!Two or more races!!White and American Indian and Alaska Native"
"CP05_2015_056E","2015 Estimate!!RACE!!Two or more races!!White and Asian"
"CP05_2015_057E","2015 Estimate!!RACE!!Two or more races!!Black or African American and American Indian and Alaska Native"
"CP05_2015_058E","2015 Estimate!!RACE!!Race alone or in combination with one or more other races!!Total population"
"CP05_2015_059E","2015 Estimate!!RACE!!Race alone or in combination with one or more other races!!Total population!!White"
"CP05_2015_060E","2015 Estimate!!RACE!!Race alone or in combination with one or more other races!!Total population!!Black or African American"
"CP05_2015_061E","2015 Estimate!!RACE!!Race alone or in combination with one or more other races!!Total population!!American Indian and Alaska Native"
"CP05_2015_062E","2015 Estimate!!RACE!!Race alone or in combination with one or more other races!!Total population!!Asian"
"CP05_2015_063E","2015 Estimate!!RACE!!Race alone or in combination with one or more other races!!Total population!!Native Hawaiian and Other Pacific Islander"
"CP05_2015_064E","2015 Estimate!!RACE!!Race alone or in combination with one or more other races!!Total population!!Some other race"
"CP05_2015_065E","2015 Estimate!!HISPANIC OR LATINO AND RACE!!Total population"
"CP05_2015_066E","2015 Estimate!!HISPANIC OR LATINO AND RACE!!Total population!!Hispanic or Latino (of any race)"
"CP05_2015_067E","2015 Estimate!!HISPANIC OR LATINO AND RACE!!Total population!!Hispanic or Latino (of any race)!!Mexican"
"CP05_2015_068E","2015 Estimate!!HISPANIC OR LATINO AND RACE!!Total population!!Hispanic or Latino (of any race)!!Puerto Rican"
"CP05_2015_069E","2015 Estimate!!HISPANIC OR LATINO AND RACE!!Total population!!Hispanic or Latino (of any race)!!Cuban"
"CP05_2015_070E","2015 Estimate!!HISPANIC OR LATINO AND RACE!!Total population!!Hispanic or Latino (of any race)!!Other Hispanic or Latino"
"CP05_2015_071E","2015 Estimate!!HISPANIC OR LATINO AND RACE!!Total population!!Not Hispanic or Latino"
"CP05_2015_072E","2015 Estimate!!HISPANIC OR LATINO AND RACE!!Total population!!Not Hispanic or Latino!!White alone"
"CP05_2015_073E","2015 Estimate!!HISPANIC OR LATINO AND RACE!!Total population!!Not Hispanic or Latino!!Black or African American alone"
"CP05_2015_074E","2015 Estimate!!HISPANIC OR LATINO AND RACE!!Total population!!Not Hispanic or Latino!!American Indian and Alaska Native alone"
"CP05_2015_075E","2015 Estimate!!HISPANIC OR LATINO AND RACE!!Total population!!Not Hispanic or Latino!!Asian alone"
"CP05_2015_076E","2015 Estimate!!HISPANIC OR LATINO AND RACE!!Total population!!Not Hispanic or Latino!!Native Hawaiian and Other Pacific Islander alone"
"CP05_2015_077E","2015 Estimate!!HISPANIC OR LATINO AND RACE!!Total population!!Not Hispanic or Latino!!Some other race alone"
"CP05_2015_078E","2015 Estimate!!HISPANIC OR LATINO AND RACE!!Total population!!Not Hispanic or Latino!!Two or more races"
"CP05_2015_079E","2015 Estimate!!HISPANIC OR LATINO AND RACE!!Total population!!Not Hispanic or Latino!!Two or more races!!Two races including Some other race"
"CP05_2015_080E","2015 Estimate!!HISPANIC OR LATINO AND RACE!!Total population!!Not Hispanic or Latino!!Two or more races!!Two races excluding Some other race, and Three or more races"
"CP05_2015_081E","2015 Estimate!!HISPANIC OR LATINO AND RACE!!Total housing units"
"CP05_2015_082E","2015 Estimate!!CITIZEN, VOTING AGE POPULATION!!Citizen, 18 and over population"
"CP05_2015_083E","2015 Estimate!!CITIZEN, VOTING AGE POPULATION!!Citizen, 18 and over population!!Male"
"CP05_2015_084E","2015 Estimate!!CITIZEN, VOTING AGE POPULATION!!Citizen, 18 and over population!!Female"
"CP05_2015to2011_001SS","2015 - 2011 Statistical Significance!!SEX AND AGE!!Total population"
"CP05_2015to2011_002SS","2015 - 2011 Statistical Significance!!SEX AND AGE!!Total population!!Male"
"CP05_2015to2011_003SS","2015 - 2011 Statistical Significance!!SEX AND AGE!!Total population!!Female"
"CP05_2015to2011_004SS","2015 - 2011 Statistical Significance!!SEX AND AGE!!Under 5 years"
"CP05_2015to2011_005SS","2015 - 2011 Statistical Significance!!SEX AND AGE!!5 to 9 years"
"CP05_2015to2011_006SS","2015 - 2011 Statistical Significance!!SEX AND AGE!!10 to 14 years"
"CP05_2015to2011_007SS","2015 - 2011 Statistical Significance!!SEX AND AGE!!15 to 19 years"
"CP05_2015to2011_008SS","2015 - 2011 Statistical Significance!!SEX AND AGE!!20 to 24 years"
"CP05_2015to2011_009SS","2015 - 2011 Statistical Significance!!SEX AND AGE!!25 to 34 years"
"CP05_2015to2011_010SS","2015 - 2011 Statistical Significance!!SEX AND AGE!!35 to 44 years"
"CP05_2015to2011_011SS","2015 - 2011 Statistical Significance!!SEX AND AGE!!45 to 54 years"
"CP05_2015to2011_012SS","2015 - 2011 Statistical Significance!!SEX AND AGE!!55 to 59 years"
"CP05_2015to2011_013SS","2015 - 2011 Statistical Significance!!SEX AND AGE!!60 to 64 years"
"CP05_2015to2011_014SS","2015 - 2011 Statistical Significance!!SEX AND AGE!!65 to 74 years"
"CP05_2015to2011_015SS","2015 - 2011 Statistical Significance!!SEX AND AGE!!75 to 84 years"
"CP05_2015to2011_016SS","2015 - 2011 Statistical Significance!!SEX AND AGE!!85 years and over"
"CP05_2015to2011_017SS","2015 - 2011 Statistical Significance!!SEX AND AGE!!Median age (years)"
"CP05_2015to2011_018SS","2015 - 2011 Statistical Significance!!SEX AND AGE!!18 years and over"
"CP05_2015to2011_019SS","2015 - 2011 Statistical Significance!!SEX AND AGE!!21 years and over"
"CP05_2015to2011_020SS","2015 - 2011 Statistical Significance!!SEX AND AGE!!62 years and over"
"CP05_2015to2011_021SS","2015 - 2011 Statistical Significance!!SEX AND AGE!!65 years and over"
"CP05_2015to2011_022SS","2015 - 2011 Statistical Significance!!SEX AND AGE!!18 years and over"
"CP05_2015to2011_023SS","2015 - 2011 Statistical Significance!!SEX AND AGE!!18 years and over!!Male"
"CP05_2015to2011_024SS","2015 - 2011 Statistical Significance!!SEX AND AGE!!18 years and over!!Female"
"CP05_2015to2011_025SS","2015 - 2011 Statistical Significance!!SEX AND AGE!!65 years and over"
"CP05_2015to2011_026SS","2015 - 2011 Statistical Significance!!SEX AND AGE!!65 years and over!!Male"
"CP05_2015to2011_027SS","2015 - 2011 Statistical Significance!!SEX AND AGE!!65 years and over!!Female"
"CP05_2015to2011_028SS","2015 - 2011 Statistical Significance!!RACE!!Total population"
"CP05_2015to2011_029SS","2015 - 2011 Statistical Significance!!RACE!!Total population!!One race"
"CP05_2015to2011_030SS","2015 - 2011 Statistical Significance!!RACE!!Total population!!Two or more races"
"CP05_2015to2011_031SS","2015 - 2011 Statistical Significance!!RACE!!One race"
"CP05_2015to2011_032SS","2015 - 2011 Statistical Significance!!RACE!!One race!!White"
"CP05_2015to2011_033SS","2015 - 2011 Statistical Significance!!RACE!!One race!!Black or African American"
"CP05_2015to2011_034SS","2015 - 2011 Statistical Significance!!RACE!!One race!!American Indian and Alaska Native"
"CP05_2015to2011_035SS","2015 - 2011 Statistical Significance!!RACE!!One race!!American Indian and Alaska Native!!Cherokee tribal grouping"
"CP05_2015to2011_036SS","2015 - 2011 Statistical Significance!!RACE!!One race!!American Indian and Alaska Native!!Chippewa tribal grouping"
"CP05_2015to2011_037SS","2015 - 2011 Statistical Significance!!RACE!!One race!!American Indian and Alaska Native!!Navajo tribal grouping"
"CP05_2015to2011_038SS","2015 - 2011 Statistical Significance!!RACE!!One race!!American Indian and Alaska Native!!Sioux tribal grouping"
"CP05_2015to2011_039SS","2015 - 2011 Statistical Significance!!RACE!!One race!!Asian"
"CP05_2015to2011_040SS","2015 - 2011 Statistical Significance!!RACE!!One race!!Asian!!Asian Indian"
"CP05_2015to2011_041SS","2015 - 2011 Statistical Significance!!RACE!!One race!!Asian!!Chinese"
"CP05_2015to2011_042SS","2015 - 2011 Statistical Significance!!RACE!!One race!!Asian!!Filipino"
"CP05_2015to2011_043SS","2015 - 2011 Statistical Significance!!RACE!!One race!!Asian!!Japanese"
"CP05_2015to2011_044SS","2015 - 2011 Statistical Significance!!RACE!!One race!!Asian!!Korean"
"CP05_2015to2011_045SS","2015 - 2011 Statistical Significance!!RACE!!One race!!Asian!!Vietnamese"
"CP05_2015to2011_046SS","2015 - 2011 Statistical Significance!!RACE!!One race!!Asian!!Other Asian"
"CP05_2015to2011_047SS","2015 - 2011 Statistical Significance!!RACE!!One race!!Native Hawaiian and Other Pacific Islander"
"CP05_2015to2011_048SS","2015 - 2011 Statistical Significance!!RACE!!One race!!Native Hawaiian and Other Pacific Islander!!Native Hawaiian"
"CP05_2015to2011_049SS","2015 - 2011 Statistical Significance!!RACE!!One race!!Native Hawaiian and Other Pacific Islander!!Guamanian or Chamorro"
"CP05_2015to2011_050SS","2015 - 2011 Statistical Significance!!RACE!!One race!!Native Hawaiian and Other Pacific Islander!!Samoan"
"CP05_2015to2011_051SS","2015 - 2011 Statistical Significance!!RACE!!One race!!Native Hawaiian and Other Pacific Islander!!Other Pacific Islander"
"CP05_2015to2011_052SS","2015 - 2011 Statistical Significance!!RACE!!One race!!Some other race"
"CP05_2015to2011_053SS","2015 - 2011 Statistical Significance!!RACE!!Two or more races"
"CP05_2015to2011_054SS","2015 - 2011 Statistical Significance!!RACE!!Two or more races!!White and Black or African American"
"CP05_2015to2011_055SS","2015 - 2011 Statistical Significance!!RACE!!Two or more races!!White and American Indian and Alaska Native"
"CP05_2015to2011_056SS","2015 - 2011 Statistical Significance!!RACE!!Two or more races!!White and Asian"
"CP05_2015to2011_057SS","2015 - 2011 Statistical Significance!!RACE!!Two or more races!!Black or African American and American Indian and Alaska Native"
"CP05_2015to2011_058SS","2015 - 2011 Statistical Significance!!RACE!!Race alone or in combination with one or more other races!!Total population"
"CP05_2015to2011_059SS","2015 - 2011 Statistical Significance!!RACE!!Race alone or in combination with one or more other races!!Total population!!White"
"CP05_2015to2011_060SS","2015 - 2011 Statistical Significance!!RACE!!Race alone or in combination with one or more other races!!Total population!!Black or African American"
"CP05_2015to2011_061SS","2015 - 2011 Statistical Significance!!RACE!!Race alone or in combination with one or more other races!!Total population!!American Indian and Alaska Native"
"CP05_2015to2011_062SS","2015 - 2011 Statistical Significance!!RACE!!Race alone or in combination with one or more other races!!Total population!!Asian"
"CP05_2015to2011_063SS","2015 - 2011 Statistical Significance!!RACE!!Race alone or in combination with one or more other races!!Total population!!Native Hawaiian and Other Pacific Islander"
"CP05_2015to2011_064SS","2015 - 2011 Statistical Significance!!RACE!!Race alone or in combination with one or more other races!!Total population!!Some other race"
"CP05_2015to2011_065SS","2015 - 2011 Statistical Significance!!HISPANIC OR LATINO AND RACE!!Total population"
"CP05_2015to2011_066SS","2015 - 2011 Statistical Significance!!HISPANIC OR LATINO AND RACE!!Total population!!Hispanic or Latino (of any race)"
"CP05_2015to2011_067SS","2015 - 2011 Statistical Significance!!HISPANIC OR LATINO AND RACE!!Total population!!Hispanic or Latino (of any race)!!Mexican"
"CP05_2015to2011_068SS","2015 - 2011 Statistical Significance!!HISPANIC OR LATINO AND RACE!!Total population!!Hispanic or Latino (of any race)!!Puerto Rican"
"CP05_2015to2011_069SS","2015 - 2011 Statistical Significance!!HISPANIC OR LATINO AND RACE!!Total population!!Hispanic or Latino (of any race)!!Cuban"
"CP05_2015to2011_070SS","2015 - 2011 Statistical Significance!!HISPANIC OR LATINO AND RACE!!Total population!!Hispanic or Latino (of any race)!!Other Hispanic or Latino"
"CP05_2015to2011_071SS","2015 - 2011 Statistical Significance!!HISPANIC OR LATINO AND RACE!!Total population!!Not Hispanic or Latino"
"CP05_2015to2011_072SS","2015 - 2011 Statistical Significance!!HISPANIC OR LATINO AND RACE!!Total population!!Not Hispanic or Latino!!White alone"
"CP05_2015to2011_073SS","2015 - 2011 Statistical Significance!!HISPANIC OR LATINO AND RACE!!Total population!!Not Hispanic or Latino!!Black or African American alone"
"CP05_2015to2011_074SS","2015 - 2011 Statistical Significance!!HISPANIC OR LATINO AND RACE!!Total population!!Not Hispanic or Latino!!American Indian and Alaska Native alone"
"CP05_2015to2011_075SS","2015 - 2011 Statistical Significance!!HISPANIC OR LATINO AND RACE!!Total population!!Not Hispanic or Latino!!Asian alone"
"CP05_2015to2011_076SS","2015 - 2011 Statistical Significance!!HISPANIC OR LATINO AND RACE!!Total population!!Not Hispanic or Latino!!Native Hawaiian and Other Pacific Islander alone"
"CP05_2015to2011_077SS","2015 - 2011 Statistical Significance!!HISPANIC OR LATINO AND RACE!!Total population!!Not Hispanic or Latino!!Some other race alone"
"CP05_2015to2011_078SS","2015 - 2011 Statistical Significance!!HISPANIC OR LATINO AND RACE!!Total population!!Not Hispanic or Latino!!Two or more races"
"CP05_2015to2011_079SS","2015 - 2011 Statistical Significance!!HISPANIC OR LATINO AND RACE!!Total population!!Not Hispanic or Latino!!Two or more races!!Two races including Some other race"
"CP05_2015to2011_080SS","2015 - 2011 Statistical Significance!!HISPANIC OR LATINO AND RACE!!Total population!!Not Hispanic or Latino!!Two or more races!!Two races excluding Some other race, and Three or more races"
"CP05_2015to2011_081SS","2015 - 2011 Statistical Significance!!HISPANIC OR LATINO AND RACE!!Total housing units"
"CP05_2015to2011_082SS","2015 - 2011 Statistical Significance!!CITIZEN, VOTING AGE POPULATION!!Citizen, 18 and over population"
"CP05_2015to2011_083SS","2015 - 2011 Statistical Significance!!CITIZEN, VOTING AGE POPULATION!!Citizen, 18 and over population!!Male"
"CP05_2015to2011_084SS","2015 - 2011 Statistical Significance!!CITIZEN, VOTING AGE POPULATION!!Citizen, 18 and over population!!Female"
"CP05_2015to2012_001SS","2015 - 2012 Statistical Significance!!SEX AND AGE!!Total population"
"CP05_2015to2012_002SS","2015 - 2012 Statistical Significance!!SEX AND AGE!!Total population!!Male"
"CP05_2015to2012_003SS","2015 - 2012 Statistical Significance!!SEX AND AGE!!Total population!!Female"
"CP05_2015to2012_004SS","2015 - 2012 Statistical Significance!!SEX AND AGE!!Under 5 years"
"CP05_2015to2012_005SS","2015 - 2012 Statistical Significance!!SEX AND AGE!!5 to 9 years"
"CP05_2015to2012_006SS","2015 - 2012 Statistical Significance!!SEX AND AGE!!10 to 14 years"
"CP05_2015to2012_007SS","2015 - 2012 Statistical Significance!!SEX AND AGE!!15 to 19 years"
"CP05_2015to2012_008SS","2015 - 2012 Statistical Significance!!SEX AND AGE!!20 to 24 years"
"CP05_2015to2012_009SS","2015 - 2012 Statistical Significance!!SEX AND AGE!!25 to 34 years"
"CP05_2015to2012_010SS","2015 - 2012 Statistical Significance!!SEX AND AGE!!35 to 44 years"
"CP05_2015to2012_011SS","2015 - 2012 Statistical Significance!!SEX AND AGE!!45 to 54 years"
"CP05_2015to2012_012SS","2015 - 2012 Statistical Significance!!SEX AND AGE!!55 to 59 years"
"CP05_2015to2012_013SS","2015 - 2012 Statistical Significance!!SEX AND AGE!!60 to 64 years"
"CP05_2015to2012_014SS","2015 - 2012 Statistical Significance!!SEX AND AGE!!65 to 74 years"
"CP05_2015to2012_015SS","2015 - 2012 Statistical Significance!!SEX AND AGE!!75 to 84 years"
"CP05_2015to2012_016SS","2015 - 2012 Statistical Significance!!SEX AND AGE!!85 years and over"
"CP05_2015to2012_017SS","2015 - 2012 Statistical Significance!!SEX AND AGE!!Median age (years)"
"CP05_2015to2012_018SS","2015 - 2012 Statistical Significance!!SEX AND AGE!!18 years and over"
"CP05_2015to2012_019SS","2015 - 2012 Statistical Significance!!SEX AND AGE!!21 years and over"
"CP05_2015to2012_020SS","2015 - 2012 Statistical Significance!!SEX AND AGE!!62 years and over"
"CP05_2015to2012_021SS","2015 - 2012 Statistical Significance!!SEX AND AGE!!65 years and over"
"CP05_2015to2012_022SS","2015 - 2012 Statistical Significance!!SEX AND AGE!!18 years and over"
"CP05_2015to2012_023SS","2015 - 2012 Statistical Significance!!SEX AND AGE!!18 years and over!!Male"
"CP05_2015to2012_024SS","2015 - 2012 Statistical Significance!!SEX AND AGE!!18 years and over!!Female"
"CP05_2015to2012_025SS","2015 - 2012 Statistical Significance!!SEX AND AGE!!65 years and over"
"CP05_2015to2012_026SS","2015 - 2012 Statistical Significance!!SEX AND AGE!!65 years and over!!Male"
"CP05_2015to2012_027SS","2015 - 2012 Statistical Significance!!SEX AND AGE!!65 years and over!!Female"
"CP05_2015to2012_028SS","2015 - 2012 Statistical Significance!!RACE!!Total population"
"CP05_2015to2012_029SS","2015 - 2012 Statistical Significance!!RACE!!Total population!!One race"
"CP05_2015to2012_030SS","2015 - 2012 Statistical Significance!!RACE!!Total population!!Two or more races"
"CP05_2015to2012_031SS","2015 - 2012 Statistical Significance!!RACE!!One race"
"CP05_2015to2012_032SS","2015 - 2012 Statistical Significance!!RACE!!One race!!White"
"CP05_2015to2012_033SS","2015 - 2012 Statistical Significance!!RACE!!One race!!Black or African American"
"CP05_2015to2012_034SS","2015 - 2012 Statistical Significance!!RACE!!One race!!American Indian and Alaska Native"
"CP05_2015to2012_035SS","2015 - 2012 Statistical Significance!!RACE!!One race!!American Indian and Alaska Native!!Cherokee tribal grouping"
"CP05_2015to2012_036SS","2015 - 2012 Statistical Significance!!RACE!!One race!!American Indian and Alaska Native!!Chippewa tribal grouping"
"CP05_2015to2012_037SS","2015 - 2012 Statistical Significance!!RACE!!One race!!American Indian and Alaska Native!!Navajo tribal grouping"
"CP05_2015to2012_038SS","2015 - 2012 Statistical Significance!!RACE!!One race!!American Indian and Alaska Native!!Sioux tribal grouping"
"CP05_2015to2012_039SS","2015 - 2012 Statistical Significance!!RACE!!One race!!Asian"
"CP05_2015to2012_040SS","2015 - 2012 Statistical Significance!!RACE!!One race!!Asian!!Asian Indian"
"CP05_2015to2012_041SS","2015 - 2012 Statistical Significance!!RACE!!One race!!Asian!!Chinese"
"CP05_2015to2012_042SS","2015 - 2012 Statistical Significance!!RACE!!One race!!Asian!!Filipino"
"CP05_2015to2012_043SS","2015 - 2012 Statistical Significance!!RACE!!One race!!Asian!!Japanese"
"CP05_2015to2012_044SS","2015 - 2012 Statistical Significance!!RACE!!One race!!Asian!!Korean"
"CP05_2015to2012_045SS","2015 - 2012 Statistical Significance!!RACE!!One race!!Asian!!Vietnamese"
"CP05_2015to2012_046SS","2015 - 2012 Statistical Significance!!RACE!!One race!!Asian!!Other Asian"
"CP05_2015to2012_047SS","2015 - 2012 Statistical Significance!!RACE!!One race!!Native Hawaiian and Other Pacific Islander"
"CP05_2015to2012_048SS","2015 - 2012 Statistical Significance!!RACE!!One race!!Native Hawaiian and Other Pacific Islander!!Native Hawaiian"
"CP05_2015to2012_049SS","2015 - 2012 Statistical Significance!!RACE!!One race!!Native Hawaiian and Other Pacific Islander!!Guamanian or Chamorro"
"CP05_2015to2012_050SS","2015 - 2012 Statistical Significance!!RACE!!One race!!Native Hawaiian and Other Pacific Islander!!Samoan"
"CP05_2015to2012_051SS","2015 - 2012 Statistical Significance!!RACE!!One race!!Native Hawaiian and Other Pacific Islander!!Other Pacific Islander"
"CP05_2015to2012_052SS","2015 - 2012 Statistical Significance!!RACE!!One race!!Some other race"
"CP05_2015to2012_053SS","2015 - 2012 Statistical Significance!!RACE!!Two or more races"
"CP05_2015to2012_054SS","2015 - 2012 Statistical Significance!!RACE!!Two or more races!!White and Black or African American"
"CP05_2015to2012_055SS","2015 - 2012 Statistical Significance!!RACE!!Two or more races!!White and American Indian and Alaska Native"
"CP05_2015to2012_056SS","2015 - 2012 Statistical Significance!!RACE!!Two or more races!!White and Asian"
"CP05_2015to2012_057SS","2015 - 2012 Statistical Significance!!RACE!!Two or more races!!Black or African American and American Indian and Alaska Native"
"CP05_2015to2012_058SS","2015 - 2012 Statistical Significance!!RACE!!Race alone or in combination with one or more other races!!Total population"
"CP05_2015to2012_059SS","2015 - 2012 Statistical Significance!!RACE!!Race alone or in combination with one or more other races!!Total population!!White"
"CP05_2015to2012_060SS","2015 - 2012 Statistical Significance!!RACE!!Race alone or in combination with one or more other races!!Total population!!Black or African American"
"CP05_2015to2012_061SS","2015 - 2012 Statistical Significance!!RACE!!Race alone or in combination with one or more other races!!Total population!!American Indian and Alaska Native"
"CP05_2015to2012_062SS","2015 - 2012 Statistical Significance!!RACE!!Race alone or in combination with one or more other races!!Total population!!Asian"
"CP05_2015to2012_063SS","2015 - 2012 Statistical Significance!!RACE!!Race alone or in combination with one or more other races!!Total population!!Native Hawaiian and Other Pacific Islander"
"CP05_2015to2012_064SS","2015 - 2012 Statistical Significance!!RACE!!Race alone or in combination with one or more other races!!Total population!!Some other race"
"CP05_2015to2012_065SS","2015 - 2012 Statistical Significance!!HISPANIC OR LATINO AND RACE!!Total population"
"CP05_2015to2012_066SS","2015 - 2012 Statistical Significance!!HISPANIC OR LATINO AND RACE!!Total population!!Hispanic or Latino (of any race)"
"CP05_2015to2012_067SS","2015 - 2012 Statistical Significance!!HISPANIC OR LATINO AND RACE!!Total population!!Hispanic or Latino (of any race)!!Mexican"
"CP05_2015to2012_068SS","2015 - 2012 Statistical Significance!!HISPANIC OR LATINO AND RACE!!Total population!!Hispanic or Latino (of any race)!!Puerto Rican"
"CP05_2015to2012_069SS","2015 - 2012 Statistical Significance!!HISPANIC OR LATINO AND RACE!!Total population!!Hispanic or Latino (of any race)!!Cuban"
"CP05_2015to2012_070SS","2015 - 2012 Statistical Significance!!HISPANIC OR LATINO AND RACE!!Total population!!Hispanic or Latino (of any race)!!Other Hispanic or Latino"
"CP05_2015to2012_071SS","2015 - 2012 Statistical Significance!!HISPANIC OR LATINO AND RACE!!Total population!!Not Hispanic or Latino"
"CP05_2015to2012_072SS","2015 - 2012 Statistical Significance!!HISPANIC OR LATINO AND RACE!!Total population!!Not Hispanic or Latino!!White alone"
"CP05_2015to2012_073SS","2015 - 2012 Statistical Significance!!HISPANIC OR LATINO AND RACE!!Total population!!Not Hispanic or Latino!!Black or African American alone"
"CP05_2015to2012_074SS","2015 - 2012 Statistical Significance!!HISPANIC OR LATINO AND RACE!!Total population!!Not Hispanic or Latino!!American Indian and Alaska Native alone"
"CP05_2015to2012_075SS","2015 - 2012 Statistical Significance!!HISPANIC OR LATINO AND RACE!!Total population!!Not Hispanic or Latino!!Asian alone"
"CP05_2015to2012_076SS","2015 - 2012 Statistical Significance!!HISPANIC OR LATINO AND RACE!!Total population!!Not Hispanic or Latino!!Native Hawaiian and Other Pacific Islander alone"
"CP05_2015to2012_077SS","2015 - 2012 Statistical Significance!!HISPANIC OR LATINO AND RACE!!Total population!!Not Hispanic or Latino!!Some other race alone"
"CP05_2015to2012_078SS","2015 - 2012 Statistical Significance!!HISPANIC OR LATINO AND RACE!!Total population!!Not Hispanic or Latino!!Two or more races"
"CP05_2015to2012_079SS","2015 - 2012 Statistical Significance!!HISPANIC OR LATINO AND RACE!!Total population!!Not Hispanic or Latino!!Two or more races!!Two races including Some other race"
"CP05_2015to2012_080SS","2015 - 2012 Statistical Significance!!HISPANIC OR LATINO AND RACE!!Total population!!Not Hispanic or Latino!!Two or more races!!Two races excluding Some other race, and Three or more races"
"CP05_2015to2012_081SS","2015 - 2012 Statistical Significance!!HISPANIC OR LATINO AND RACE!!Total housing units"
"CP05_2015to2012_082SS","2015 - 2012 Statistical Significance!!CITIZEN, VOTING AGE POPULATION!!Citizen, 18 and over population"
"CP05_2015to2012_083SS","2015 - 2012 Statistical Significance!!CITIZEN, VOTING AGE POPULATION!!Citizen, 18 and over population!!Male"
"CP05_2015to2012_084SS","2015 - 2012 Statistical Significance!!CITIZEN, VOTING AGE POPULATION!!Citizen, 18 and over population!!Female"
"CP05_2015to2013_001SS","2015 - 2013 Statistical Significance!!SEX AND AGE!!Total population"
"CP05_2015to2013_002SS","2015 - 2013 Statistical Significance!!SEX AND AGE!!Total population!!Male"
"CP05_2015to2013_003SS","2015 - 2013 Statistical Significance!!SEX AND AGE!!Total population!!Female"
"CP05_2015to2013_004SS","2015 - 2013 Statistical Significance!!SEX AND AGE!!Under 5 years"
"CP05_2015to2013_005SS","2015 - 2013 Statistical Significance!!SEX AND AGE!!5 to 9 years"
"CP05_2015to2013_006SS","2015 - 2013 Statistical Significance!!SEX AND AGE!!10 to 14 years"
"CP05_2015to2013_007SS","2015 - 2013 Statistical Significance!!SEX AND AGE!!15 to 19 years"
"CP05_2015to2013_008SS","2015 - 2013 Statistical Significance!!SEX AND AGE!!20 to 24 years"
"CP05_2015to2013_009SS","2015 - 2013 Statistical Significance!!SEX AND AGE!!25 to 34 years"
"CP05_2015to2013_010SS","2015 - 2013 Statistical Significance!!SEX AND AGE!!35 to 44 years"
"CP05_2015to2013_011SS","2015 - 2013 Statistical Significance!!SEX AND AGE!!45 to 54 years"
"CP05_2015to2013_012SS","2015 - 2013 Statistical Significance!!SEX AND AGE!!55 to 59 years"
"CP05_2015to2013_013SS","2015 - 2013 Statistical Significance!!SEX AND AGE!!60 to 64 years"
"CP05_2015to2013_014SS","2015 - 2013 Statistical Significance!!SEX AND AGE!!65 to 74 years"
"CP05_2015to2013_015SS","2015 - 2013 Statistical Significance!!SEX AND AGE!!75 to 84 years"
"CP05_2015to2013_016SS","2015 - 2013 Statistical Significance!!SEX AND AGE!!85 years and over"
"CP05_2015to2013_017SS","2015 - 2013 Statistical Significance!!SEX AND AGE!!Median age (years)"
"CP05_2015to2013_018SS","2015 - 2013 Statistical Significance!!SEX AND AGE!!18 years and over"
"CP05_2015to2013_019SS","2015 - 2013 Statistical Significance!!SEX AND AGE!!21 years and over"
"CP05_2015to2013_020SS","2015 - 2013 Statistical Significance!!SEX AND AGE!!62 years and over"
"CP05_2015to2013_021SS","2015 - 2013 Statistical Significance!!SEX AND AGE!!65 years and over"
"CP05_2015to2013_022SS","2015 - 2013 Statistical Significance!!SEX AND AGE!!18 years and over"
"CP05_2015to2013_023SS","2015 - 2013 Statistical Significance!!SEX AND AGE!!18 years and over!!Male"
"CP05_2015to2013_024SS","2015 - 2013 Statistical Significance!!SEX AND AGE!!18 years and over!!Female"
"CP05_2015to2013_025SS","2015 - 2013 Statistical Significance!!SEX AND AGE!!65 years and over"
"CP05_2015to2013_026SS","2015 - 2013 Statistical Significance!!SEX AND AGE!!65 years and over!!Male"
"CP05_2015to2013_027SS","2015 - 2013 Statistical Significance!!SEX AND AGE!!65 years and over!!Female"
"CP05_2015to2013_028SS","2015 - 2013 Statistical Significance!!RACE!!Total population"
"CP05_2015to2013_029SS","2015 - 2013 Statistical Significance!!RACE!!Total population!!One race"
"CP05_2015to2013_030SS","2015 - 2013 Statistical Significance!!RACE!!Total population!!Two or more races"
"CP05_2015to2013_031SS","2015 - 2013 Statistical Significance!!RACE!!One race"
"CP05_2015to2013_032SS","2015 - 2013 Statistical Significance!!RACE!!One race!!White"
"CP05_2015to2013_033SS","2015 - 2013 Statistical Significance!!RACE!!One race!!Black or African American"
"CP05_2015to2013_034SS","2015 - 2013 Statistical Significance!!RACE!!One race!!American Indian and Alaska Native"
"CP05_2015to2013_035SS","2015 - 2013 Statistical Significance!!RACE!!One race!!American Indian and Alaska Native!!Cherokee tribal grouping"
"CP05_2015to2013_036SS","2015 - 2013 Statistical Significance!!RACE!!One race!!American Indian and Alaska Native!!Chippewa tribal grouping"
"CP05_2015to2013_037SS","2015 - 2013 Statistical Significance!!RACE!!One race!!American Indian and Alaska Native!!Navajo tribal grouping"
"CP05_2015to2013_038SS","2015 - 2013 Statistical Significance!!RACE!!One race!!American Indian and Alaska Native!!Sioux tribal grouping"
"CP05_2015to2013_039SS","2015 - 2013 Statistical Significance!!RACE!!One race!!Asian"
"CP05_2015to2013_040SS","2015 - 2013 Statistical Significance!!RACE!!One race!!Asian!!Asian Indian"
"CP05_2015to2013_041SS","2015 - 2013 Statistical Significance!!RACE!!One race!!Asian!!Chinese"
"CP05_2015to2013_042SS","2015 - 2013 Statistical Significance!!RACE!!One race!!Asian!!Filipino"
"CP05_2015to2013_043SS","2015 - 2013 Statistical Significance!!RACE!!One race!!Asian!!Japanese"
"CP05_2015to2013_044SS","2015 - 2013 Statistical Significance!!RACE!!One race!!Asian!!Korean"
"CP05_2015to2013_045SS","2015 - 2013 Statistical Significance!!RACE!!One race!!Asian!!Vietnamese"
"CP05_2015to2013_046SS","2015 - 2013 Statistical Significance!!RACE!!One race!!Asian!!Other Asian"
"CP05_2015to2013_047SS","2015 - 2013 Statistical Significance!!RACE!!One race!!Native Hawaiian and Other Pacific Islander"
"CP05_2015to2013_048SS","2015 - 2013 Statistical Significance!!RACE!!One race!!Native Hawaiian and Other Pacific Islander!!Native Hawaiian"
"CP05_2015to2013_049SS","2015 - 2013 Statistical Significance!!RACE!!One race!!Native Hawaiian and Other Pacific Islander!!Guamanian or Chamorro"
"CP05_2015to2013_050SS","2015 - 2013 Statistical Significance!!RACE!!One race!!Native Hawaiian and Other Pacific Islander!!Samoan"
"CP05_2015to2013_051SS","2015 - 2013 Statistical Significance!!RACE!!One race!!Native Hawaiian and Other Pacific Islander!!Other Pacific Islander"
"CP05_2015to2013_052SS","2015 - 2013 Statistical Significance!!RACE!!One race!!Some other race"
"CP05_2015to2013_053SS","2015 - 2013 Statistical Significance!!RACE!!Two or more races"
"CP05_2015to2013_054SS","2015 - 2013 Statistical Significance!!RACE!!Two or more races!!White and Black or African American"
"CP05_2015to2013_055SS","2015 - 2013 Statistical Significance!!RACE!!Two or more races!!White and American Indian and Alaska Native"
"CP05_2015to2013_056SS","2015 - 2013 Statistical Significance!!RACE!!Two or more races!!White and Asian"
"CP05_2015to2013_057SS","2015 - 2013 Statistical Significance!!RACE!!Two or more races!!Black or African American and American Indian and Alaska Native"
"CP05_2015to2013_058SS","2015 - 2013 Statistical Significance!!RACE!!Race alone or in combination with one or more other races!!Total population"
"CP05_2015to2013_059SS","2015 - 2013 Statistical Significance!!RACE!!Race alone or in combination with one or more other races!!Total population!!White"
"CP05_2015to2013_060SS","2015 - 2013 Statistical Significance!!RACE!!Race alone or in combination with one or more other races!!Total population!!Black or African American"
"CP05_2015to2013_061SS","2015 - 2013 Statistical Significance!!RACE!!Race alone or in combination with one or more other races!!Total population!!American Indian and Alaska Native"
"CP05_2015to2013_062SS","2015 - 2013 Statistical Significance!!RACE!!Race alone or in combination with one or more other races!!Total population!!Asian"
"CP05_2015to2013_063SS","2015 - 2013 Statistical Significance!!RACE!!Race alone or in combination with one or more other races!!Total population!!Native Hawaiian and Other Pacific Islander"
"CP05_2015to2013_064SS","2015 - 2013 Statistical Significance!!RACE!!Race alone or in combination with one or more other races!!Total population!!Some other race"
"CP05_2015to2013_065SS","2015 - 2013 Statistical Significance!!HISPANIC OR LATINO AND RACE!!Total population"
"CP05_2015to2013_066SS","2015 - 2013 Statistical Significance!!HISPANIC OR LATINO AND RACE!!Total population!!Hispanic or Latino (of any race)"
"CP05_2015to2013_067SS","2015 - 2013 Statistical Significance!!HISPANIC OR LATINO AND RACE!!Total population!!Hispanic or Latino (of any race)!!Mexican"
"CP05_2015to2013_068SS","2015 - 2013 Statistical Significance!!HISPANIC OR LATINO AND RACE!!Total population!!Hispanic or Latino (of any race)!!Puerto Rican"
"CP05_2015to2013_069SS","2015 - 2013 Statistical Significance!!HISPANIC OR LATINO AND RACE!!Total population!!Hispanic or Latino (of any race)!!Cuban"
"CP05_2015to2013_070SS","2015 - 2013 Statistical Significance!!HISPANIC OR LATINO AND RACE!!Total population!!Hispanic or Latino (of any race)!!Other Hispanic or Latino"
"CP05_2015to2013_071SS","2015 - 2013 Statistical Significance!!HISPANIC OR LATINO AND RACE!!Total population!!Not Hispanic or Latino"
"CP05_2015to2013_072SS","2015 - 2013 Statistical Significance!!HISPANIC OR LATINO AND RACE!!Total population!!Not Hispanic or Latino!!White alone"
"CP05_2015to2013_073SS","2015 - 2013 Statistical Significance!!HISPANIC OR LATINO AND RACE!!Total population!!Not Hispanic or Latino!!Black or African American alone"
"CP05_2015to2013_074SS","2015 - 2013 Statistical Significance!!HISPANIC OR LATINO AND RACE!!Total population!!Not Hispanic or Latino!!American Indian and Alaska Native alone"
"CP05_2015to2013_075SS","2015 - 2013 Statistical Significance!!HISPANIC OR LATINO AND RACE!!Total population!!Not Hispanic or Latino!!Asian alone"
"CP05_2015to2013_076SS","2015 - 2013 Statistical Significance!!HISPANIC OR LATINO AND RACE!!Total population!!Not Hispanic or Latino!!Native Hawaiian and Other Pacific Islander alone"
"CP05_2015to2013_077SS","2015 - 2013 Statistical Significance!!HISPANIC OR LATINO AND RACE!!Total population!!Not Hispanic or Latino!!Some other race alone"
"CP05_2015to2013_078SS","2015 - 2013 Statistical Significance!!HISPANIC OR LATINO AND RACE!!Total population!!Not Hispanic or Latino!!Two or more races"
"CP05_2015to2013_079SS","2015 - 2013 Statistical Significance!!HISPANIC OR LATINO AND RACE!!Total population!!Not Hispanic or Latino!!Two or more races!!Two races including Some other race"
"CP05_2015to2013_080SS","2015 - 2013 Statistical Significance!!HISPANIC OR LATINO AND RACE!!Total population!!Not Hispanic or Latino!!Two or more races!!Two races excluding Some other race, and Three or more races"
"CP05_2015to2013_081SS","2015 - 2013 Statistical Significance!!HISPANIC OR LATINO AND RACE!!Total housing units"
"CP05_2015to2013_082SS","2015 - 2013 Statistical Significance!!CITIZEN, VOTING AGE POPULATION!!Citizen, 18 and over population"
"CP05_2015to2013_083SS","2015 - 2013 Statistical Significance!!CITIZEN, VOTING AGE POPULATION!!Citizen, 18 and over population!!Male"
"CP05_2015to2013_084SS","2015 - 2013 Statistical Significance!!CITIZEN, VOTING AGE POPULATION!!Citizen, 18 and over population!!Female"
"CP05_2015to2014_001SS","2015 - 2014 Statistical Significance!!SEX AND AGE!!Total population"
"CP05_2015to2014_002SS","2015 - 2014 Statistical Significance!!SEX AND AGE!!Total population!!Male"
"CP05_2015to2014_003SS","2015 - 2014 Statistical Significance!!SEX AND AGE!!Total population!!Female"
"CP05_2015to2014_004SS","2015 - 2014 Statistical Significance!!SEX AND AGE!!Under 5 years"
"CP05_2015to2014_005SS","2015 - 2014 Statistical Significance!!SEX AND AGE!!5 to 9 years"
"CP05_2015to2014_006SS","2015 - 2014 Statistical Significance!!SEX AND AGE!!10 to 14 years"
"CP05_2015to2014_007SS","2015 - 2014 Statistical Significance!!SEX AND AGE!!15 to 19 years"
"CP05_2015to2014_008SS","2015 - 2014 Statistical Significance!!SEX AND AGE!!20 to 24 years"
"CP05_2015to2014_009SS","2015 - 2014 Statistical Significance!!SEX AND AGE!!25 to 34 years"
"CP05_2015to2014_010SS","2015 - 2014 Statistical Significance!!SEX AND AGE!!35 to 44 years"
"CP05_2015to2014_011SS","2015 - 2014 Statistical Significance!!SEX AND AGE!!45 to 54 years"
"CP05_2015to2014_012SS","2015 - 2014 Statistical Significance!!SEX AND AGE!!55 to 59 years"
"CP05_2015to2014_013SS","2015 - 2014 Statistical Significance!!SEX AND AGE!!60 to 64 years"
"CP05_2015to2014_014SS","2015 - 2014 Statistical Significance!!SEX AND AGE!!65 to 74 years"
"CP05_2015to2014_015SS","2015 - 2014 Statistical Significance!!SEX AND AGE!!75 to 84 years"
"CP05_2015to2014_016SS","2015 - 2014 Statistical Significance!!SEX AND AGE!!85 years and over"
"CP05_2015to2014_017SS","2015 - 2014 Statistical Significance!!SEX AND AGE!!Median age (years)"
"CP05_2015to2014_018SS","2015 - 2014 Statistical Significance!!SEX AND AGE!!18 years and over"
"CP05_2015to2014_019SS","2015 - 2014 Statistical Significance!!SEX AND AGE!!21 years and over"
"CP05_2015to2014_020SS","2015 - 2014 Statistical Significance!!SEX AND AGE!!62 years and over"
"CP05_2015to2014_021SS","2015 - 2014 Statistical Significance!!SEX AND AGE!!65 years and over"
"CP05_2015to2014_022SS","2015 - 2014 Statistical Significance!!SEX AND AGE!!18 years and over"
"CP05_2015to2014_023SS","2015 - 2014 Statistical Significance!!SEX AND AGE!!18 years and over!!Male"
"CP05_2015to2014_024SS","2015 - 2014 Statistical Significance!!SEX AND AGE!!18 years and over!!Female"
"CP05_2015to2014_025SS","2015 - 2014 Statistical Significance!!SEX AND AGE!!65 years and over"
"CP05_2015to2014_026SS","2015 - 2014 Statistical Significance!!SEX AND AGE!!65 years and over!!Male"
"CP05_2015to2014_027SS","2015 - 2014 Statistical Significance!!SEX AND AGE!!65 years and over!!Female"
"CP05_2015to2014_028SS","2015 - 2014 Statistical Significance!!RACE!!Total population"
"CP05_2015to2014_029SS","2015 - 2014 Statistical Significance!!RACE!!Total population!!One race"
"CP05_2015to2014_030SS","2015 - 2014 Statistical Significance!!RACE!!Total population!!Two or more races"
"CP05_2015to2014_031SS","2015 - 2014 Statistical Significance!!RACE!!One race"
"CP05_2015to2014_032SS","2015 - 2014 Statistical Significance!!RACE!!One race!!White"
"CP05_2015to2014_033SS","2015 - 2014 Statistical Significance!!RACE!!One race!!Black or African American"
"CP05_2015to2014_034SS","2015 - 2014 Statistical Significance!!RACE!!One race!!American Indian and Alaska Native"
"CP05_2015to2014_035SS","2015 - 2014 Statistical Significance!!RACE!!One race!!American Indian and Alaska Native!!Cherokee tribal grouping"
"CP05_2015to2014_036SS","2015 - 2014 Statistical Significance!!RACE!!One race!!American Indian and Alaska Native!!Chippewa tribal grouping"
"CP05_2015to2014_037SS","2015 - 2014 Statistical Significance!!RACE!!One race!!American Indian and Alaska Native!!Navajo tribal grouping"
"CP05_2015to2014_038SS","2015 - 2014 Statistical Significance!!RACE!!One race!!American Indian and Alaska Native!!Sioux tribal grouping"
"CP05_2015to2014_039SS","2015 - 2014 Statistical Significance!!RACE!!One race!!Asian"
"CP05_2015to2014_040SS","2015 - 2014 Statistical Significance!!RACE!!One race!!Asian!!Asian Indian"
"CP05_2015to2014_041SS","2015 - 2014 Statistical Significance!!RACE!!One race!!Asian!!Chinese"
"CP05_2015to2014_042SS","2015 - 2014 Statistical Significance!!RACE!!One race!!Asian!!Filipino"
"CP05_2015to2014_043SS","2015 - 2014 Statistical Significance!!RACE!!One race!!Asian!!Japanese"
"CP05_2015to2014_044SS","2015 - 2014 Statistical Significance!!RACE!!One race!!Asian!!Korean"
"CP05_2015to2014_045SS","2015 - 2014 Statistical Significance!!RACE!!One race!!Asian!!Vietnamese"
"CP05_2015to2014_046SS","2015 - 2014 Statistical Significance!!RACE!!One race!!Asian!!Other Asian"
"CP05_2015to2014_047SS","2015 - 2014 Statistical Significance!!RACE!!One race!!Native Hawaiian and Other Pacific Islander"
"CP05_2015to2014_048SS","2015 - 2014 Statistical Significance!!RACE!!One race!!Native Hawaiian and Other Pacific Islander!!Native Hawaiian"
"CP05_2015to2014_049SS","2015 - 2014 Statistical Significance!!RACE!!One race!!Native Hawaiian and Other Pacific Islander!!Guamanian or Chamorro"
"CP05_2015to2014_050SS","2015 - 2014 Statistical Significance!!RACE!!One race!!Native Hawaiian and Other Pacific Islander!!Samoan"
"CP05_2015to2014_051SS","2015 - 2014 Statistical Significance!!RACE!!One race!!Native Hawaiian and Other Pacific Islander!!Other Pacific Islander"
"CP05_2015to2014_052SS","2015 - 2014 Statistical Significance!!RACE!!One race!!Some other race"
"CP05_2015to2014_053SS","2015 - 2014 Statistical Significance!!RACE!!Two or more races"
"CP05_2015to2014_054SS","2015 - 2014 Statistical Significance!!RACE!!Two or more races!!White and Black or African American"
"CP05_2015to2014_055SS","2015 - 2014 Statistical Significance!!RACE!!Two or more races!!White and American Indian and Alaska Native"
"CP05_2015to2014_056SS","2015 - 2014 Statistical Significance!!RACE!!Two or more races!!White and Asian"
"CP05_2015to2014_057SS","2015 - 2014 Statistical Significance!!RACE!!Two or more races!!Black or African American and American Indian and Alaska Native"
"CP05_2015to2014_058SS","2015 - 2014 Statistical Significance!!RACE!!Race alone or in combination with one or more other races!!Total population"
"CP05_2015to2014_059SS","2015 - 2014 Statistical Significance!!RACE!!Race alone or in combination with one or more other races!!Total population!!White"
"CP05_2015to2014_060SS","2015 - 2014 Statistical Significance!!RACE!!Race alone or in combination with one or more other races!!Total population!!Black or African American"
"CP05_2015to2014_061SS","2015 - 2014 Statistical Significance!!RACE!!Race alone or in combination with one or more other races!!Total population!!American Indian and Alaska Native"
"CP05_2015to2014_062SS","2015 - 2014 Statistical Significance!!RACE!!Race alone or in combination with one or more other races!!Total population!!Asian"
"CP05_2015to2014_063SS","2015 - 2014 Statistical Significance!!RACE!!Race alone or in combination with one or more other races!!Total population!!Native Hawaiian and Other Pacific Islander"
"CP05_2015to2014_064SS","2015 - 2014 Statistical Significance!!RACE!!Race alone or in combination with one or more other races!!Total population!!Some other race"
"CP05_2015to2014_065SS","2015 - 2014 Statistical Significance!!HISPANIC OR LATINO AND RACE!!Total population"
"CP05_2015to2014_066SS","2015 - 2014 Statistical Significance!!HISPANIC OR LATINO AND RACE!!Total population!!Hispanic or Latino (of any race)"
"CP05_2015to2014_067SS","2015 - 2014 Statistical Significance!!HISPANIC OR LATINO AND RACE!!Total population!!Hispanic or Latino (of any race)!!Mexican"
"CP05_2015to2014_068SS","2015 - 2014 Statistical Significance!!HISPANIC OR LATINO AND RACE!!Total population!!Hispanic or Latino (of any race)!!Puerto Rican"
"CP05_2015to2014_069SS","2015 - 2014 Statistical Significance!!HISPANIC OR LATINO AND RACE!!Total population!!Hispanic or Latino (of any race)!!Cuban"
"CP05_2015to2014_070SS","2015 - 2014 Statistical Significance!!HISPANIC OR LATINO AND RACE!!Total population!!Hispanic or Latino (of any race)!!Other Hispanic or Latino"
"CP05_2015to2014_071SS","2015 - 2014 Statistical Significance!!HISPANIC OR LATINO AND RACE!!Total population!!Not Hispanic or Latino"
"CP05_2015to2014_072SS","2015 - 2014 Statistical Significance!!HISPANIC OR LATINO AND RACE!!Total population!!Not Hispanic or Latino!!White alone"
"CP05_2015to2014_073SS","2015 - 2014 Statistical Significance!!HISPANIC OR LATINO AND RACE!!Total population!!Not Hispanic or Latino!!Black or African American alone"
"CP05_2015to2014_074SS","2015 - 2014 Statistical Significance!!HISPANIC OR LATINO AND RACE!!Total population!!Not Hispanic or Latino!!American Indian and Alaska Native alone"
"CP05_2015to2014_075SS","2015 - 2014 Statistical Significance!!HISPANIC OR LATINO AND RACE!!Total population!!Not Hispanic or Latino!!Asian alone"
"CP05_2015to2014_076SS","2015 - 2014 Statistical Significance!!HISPANIC OR LATINO AND RACE!!Total population!!Not Hispanic or Latino!!Native Hawaiian and Other Pacific Islander alone"
"CP05_2015to2014_077SS","2015 - 2014 Statistical Significance!!HISPANIC OR LATINO AND RACE!!Total population!!Not Hispanic or Latino!!Some other race alone"
"CP05_2015to2014_078SS","2015 - 2014 Statistical Significance!!HISPANIC OR LATINO AND RACE!!Total population!!Not Hispanic or Latino!!Two or more races"
"CP05_2015to2014_079SS","2015 - 2014 Statistical Significance!!HISPANIC OR LATINO AND RACE!!Total population!!Not Hispanic or Latino!!Two or more races!!Two races including Some other race"
"CP05_2015to2014_080SS","2015 - 2014 Statistical Significance!!HISPANIC OR LATINO AND RACE!!Total population!!Not Hispanic or Latino!!Two or more races!!Two races excluding Some other race, and Three or more races"
"CP05_2015to2014_081SS","2015 - 2014 Statistical Significance!!HISPANIC OR LATINO AND RACE!!Total housing units"
"CP05_2015to2014_082SS","2015 - 2014 Statistical Significance!!CITIZEN, VOTING AGE POPULATION!!Citizen, 18 and over population"
"CP05_2015to2014_083SS","2015 - 2014 Statistical Significance!!CITIZEN, VOTING AGE POPULATION!!Citizen, 18 and over population!!Male"
"CP05_2015to2014_084SS","2015 - 2014 Statistical Significance!!CITIZEN, VOTING AGE POPULATION!!Citizen, 18 and over population!!Female"
