"GEO_ID","id"
"NAME","Geographic Area Name"
"CP05_2007_001E","2007 Estimate!!SEX AND AGE!!Total population"
"CP05_2007_002E","2007 Estimate!!SEX AND AGE!!Male"
"CP05_2007_003E","2007 Estimate!!SEX AND AGE!!Female"
"CP05_2007_004E","2007 Estimate!!SEX AND AGE!!Under 5 years"
"CP05_2007_005E","2007 Estimate!!SEX AND AGE!!5 to 9 years"
"CP05_2007_006E","2007 Estimate!!SEX AND AGE!!10 to 14 years"
"CP05_2007_007E","2007 Estimate!!SEX AND AGE!!15 to 19 years"
"CP05_2007_008E","2007 Estimate!!SEX AND AGE!!20 to 24 years"
"CP05_2007_009E","2007 Estimate!!SEX AND AGE!!25 to 34 years"
"CP05_2007_010E","2007 Estimate!!SEX AND AGE!!35 to 44 years"
"CP05_2007_011E","2007 Estimate!!SEX AND AGE!!45 to 54 years"
"CP05_2007_012E","2007 Estimate!!SEX AND AGE!!55 to 59 years"
"CP05_2007_013E","2007 Estimate!!SEX AND AGE!!60 to 64 years"
"CP05_2007_014E","2007 Estimate!!SEX AND AGE!!65 to 74 years"
"CP05_2007_015E","2007 Estimate!!SEX AND AGE!!75 to 84 years"
"CP05_2007_016E","2007 Estimate!!SEX AND AGE!!85 years and over"
"CP05_2007_017E","2007 Estimate!!SEX AND AGE!!Median age (years)"
"CP05_2007_018E","2007 Estimate!!SEX AND AGE!!18 years and over"
"CP05_2007_019E","2007 Estimate!!SEX AND AGE!!21 years and over"
"CP05_2007_020E","2007 Estimate!!SEX AND AGE!!62 years and over"
"CP05_2007_021E","2007 Estimate!!SEX AND AGE!!65 years and over"
"CP05_2007_022E","2007 Estimate!!SEX AND AGE!!18 years and over"
"CP05_2007_023E","2007 Estimate!!SEX AND AGE!!Male"
"CP05_2007_024E","2007 Estimate!!SEX AND AGE!!Female"
"CP05_2007_025E","2007 Estimate!!SEX AND AGE!!65 years and over"
"CP05_2007_026E","2007 Estimate!!SEX AND AGE!!Male"
"CP05_2007_027E","2007 Estimate!!SEX AND AGE!!Female"
"CP05_2007_028E","2007 Estimate!!RACE!!Total population"
"CP05_2007_029E","2007 Estimate!!RACE!!One race"
"CP05_2007_030E","2007 Estimate!!RACE!!Two or more races"
"CP05_2007_031E","2007 Estimate!!RACE!!One race"
"CP05_2007_032E","2007 Estimate!!RACE!!One race!!White"
"CP05_2007_033E","2007 Estimate!!RACE!!One race!!Black or African American"
"CP05_2007_034E","2007 Estimate!!RACE!!One race!!American Indian and Alaska Native"
"CP05_2007_035E","2007 Estimate!!RACE!!One race!!American Indian and Alaska Native!!Cherokee tribal grouping"
"CP05_2007_036E","2007 Estimate!!RACE!!One race!!American Indian and Alaska Native!!Chippewa tribal grouping"
"CP05_2007_037E","2007 Estimate!!RACE!!One race!!American Indian and Alaska Native!!Navajo tribal grouping"
"CP05_2007_038E","2007 Estimate!!RACE!!One race!!American Indian and Alaska Native!!Sioux tribal grouping"
"CP05_2007_039E","2007 Estimate!!RACE!!One race!!Asian"
"CP05_2007_040E","2007 Estimate!!RACE!!One race!!Asian!!Asian Indian"
"CP05_2007_041E","2007 Estimate!!RACE!!One race!!Asian!!Chinese"
"CP05_2007_042E","2007 Estimate!!RACE!!One race!!Asian!!Filipino"
"CP05_2007_043E","2007 Estimate!!RACE!!One race!!Asian!!Japanese"
"CP05_2007_044E","2007 Estimate!!RACE!!One race!!Asian!!Korean"
"CP05_2007_045E","2007 Estimate!!RACE!!One race!!Asian!!Vietnamese"
"CP05_2007_046E","2007 Estimate!!RACE!!One race!!Asian!!Other Asian"
"CP05_2007_047E","2007 Estimate!!RACE!!One race!!Native Hawaiian and Other Pacific Islander"
"CP05_2007_048E","2007 Estimate!!RACE!!One race!!Native Hawaiian and Other Pacific Islander!!Native Hawaiian"
"CP05_2007_049E","2007 Estimate!!RACE!!One race!!Native Hawaiian and Other Pacific Islander!!Guamanian or Chamorro"
"CP05_2007_050E","2007 Estimate!!RACE!!One race!!Native Hawaiian and Other Pacific Islander!!Samoan"
"CP05_2007_051E","2007 Estimate!!RACE!!One race!!Native Hawaiian and Other Pacific Islander!!Other Pacific Islander"
"CP05_2007_052E","2007 Estimate!!RACE!!One race!!Some other race"
"CP05_2007_053E","2007 Estimate!!RACE!!Two or more races"
"CP05_2007_054E","2007 Estimate!!RACE!!Two or more races!!White and Black or African American"
"CP05_2007_055E","2007 Estimate!!RACE!!Two or more races!!White and American Indian and Alaska Native"
"CP05_2007_056E","2007 Estimate!!RACE!!Two or more races!!White and Asian"
"CP05_2007_057E","2007 Estimate!!RACE!!Two or more races!!Black or African American and American Indian and Alaska Native"
"CP05_2007_058E","2007 Estimate!!RACE!!Race alone or in combination with one or more other races!!Total population"
"CP05_2007_059E","2007 Estimate!!RACE!!White"
"CP05_2007_060E","2007 Estimate!!RACE!!Black or African American"
"CP05_2007_061E","2007 Estimate!!RACE!!American Indian and Alaska Native"
"CP05_2007_062E","2007 Estimate!!RACE!!Asian"
"CP05_2007_063E","2007 Estimate!!RACE!!Native Hawaiian and Other Pacific Islander"
"CP05_2007_064E","2007 Estimate!!RACE!!Some other race"
"CP05_2007_065E","2007 Estimate!!HISPANIC OR LATINO AND RACE!!Total population"
"CP05_2007_066E","2007 Estimate!!HISPANIC OR LATINO AND RACE!!Hispanic or Latino (of any race)"
"CP05_2007_067E","2007 Estimate!!HISPANIC OR LATINO AND RACE!!Hispanic or Latino (of any race)!!Mexican"
"CP05_2007_068E","2007 Estimate!!HISPANIC OR LATINO AND RACE!!Hispanic or Latino (of any race)!!Puerto Rican"
"CP05_2007_069E","2007 Estimate!!HISPANIC OR LATINO AND RACE!!Hispanic or Latino (of any race)!!Cuban"
"CP05_2007_070E","2007 Estimate!!HISPANIC OR LATINO AND RACE!!Hispanic or Latino (of any race)!!Other Hispanic or Latino"
"CP05_2007_071E","2007 Estimate!!HISPANIC OR LATINO AND RACE!!Not Hispanic or Latino"
"CP05_2007_072E","2007 Estimate!!HISPANIC OR LATINO AND RACE!!Not Hispanic or Latino!!White alone"
"CP05_2007_073E","2007 Estimate!!HISPANIC OR LATINO AND RACE!!Not Hispanic or Latino!!Black or African American alone"
"CP05_2007_074E","2007 Estimate!!HISPANIC OR LATINO AND RACE!!Not Hispanic or Latino!!American Indian and Alaska Native alone"
"CP05_2007_075E","2007 Estimate!!HISPANIC OR LATINO AND RACE!!Not Hispanic or Latino!!Asian alone"
"CP05_2007_076E","2007 Estimate!!HISPANIC OR LATINO AND RACE!!Not Hispanic or Latino!!Native Hawaiian and Other Pacific Islander alone"
"CP05_2007_077E","2007 Estimate!!HISPANIC OR LATINO AND RACE!!Not Hispanic or Latino!!Some other race alone"
"CP05_2007_078E","2007 Estimate!!HISPANIC OR LATINO AND RACE!!Not Hispanic or Latino!!Two or more races"
"CP05_2007_079E","2007 Estimate!!HISPANIC OR LATINO AND RACE!!Not Hispanic or Latino!!Two or more races!!Two races including Some other race"
"CP05_2007_080E","2007 Estimate!!HISPANIC OR LATINO AND RACE!!Not Hispanic or Latino!!Two or more races!!Two races excluding Some other race, and Three or more races"
"CP05_2007_081E","2007 Estimate!!HISPANIC OR LATINO AND RACE!!Total housing units"
"CP05_2008_001E","2008 Estimate!!SEX AND AGE!!Total population"
"CP05_2008_002E","2008 Estimate!!SEX AND AGE!!Male"
"CP05_2008_003E","2008 Estimate!!SEX AND AGE!!Female"
"CP05_2008_004E","2008 Estimate!!SEX AND AGE!!Under 5 years"
"CP05_2008_005E","2008 Estimate!!SEX AND AGE!!5 to 9 years"
"CP05_2008_006E","2008 Estimate!!SEX AND AGE!!10 to 14 years"
"CP05_2008_007E","2008 Estimate!!SEX AND AGE!!15 to 19 years"
"CP05_2008_008E","2008 Estimate!!SEX AND AGE!!20 to 24 years"
"CP05_2008_009E","2008 Estimate!!SEX AND AGE!!25 to 34 years"
"CP05_2008_010E","2008 Estimate!!SEX AND AGE!!35 to 44 years"
"CP05_2008_011E","2008 Estimate!!SEX AND AGE!!45 to 54 years"
"CP05_2008_012E","2008 Estimate!!SEX AND AGE!!55 to 59 years"
"CP05_2008_013E","2008 Estimate!!SEX AND AGE!!60 to 64 years"
"CP05_2008_014E","2008 Estimate!!SEX AND AGE!!65 to 74 years"
"CP05_2008_015E","2008 Estimate!!SEX AND AGE!!75 to 84 years"
"CP05_2008_016E","2008 Estimate!!SEX AND AGE!!85 years and over"
"CP05_2008_017E","2008 Estimate!!SEX AND AGE!!Median age (years)"
"CP05_2008_018E","2008 Estimate!!SEX AND AGE!!18 years and over"
"CP05_2008_019E","2008 Estimate!!SEX AND AGE!!21 years and over"
"CP05_2008_020E","2008 Estimate!!SEX AND AGE!!62 years and over"
"CP05_2008_021E","2008 Estimate!!SEX AND AGE!!65 years and over"
"CP05_2008_022E","2008 Estimate!!SEX AND AGE!!18 years and over"
"CP05_2008_023E","2008 Estimate!!SEX AND AGE!!Male"
"CP05_2008_024E","2008 Estimate!!SEX AND AGE!!Female"
"CP05_2008_025E","2008 Estimate!!SEX AND AGE!!65 years and over"
"CP05_2008_026E","2008 Estimate!!SEX AND AGE!!Male"
"CP05_2008_027E","2008 Estimate!!SEX AND AGE!!Female"
"CP05_2008_028E","2008 Estimate!!RACE!!Total population"
"CP05_2008_029E","2008 Estimate!!RACE!!One race"
"CP05_2008_030E","2008 Estimate!!RACE!!Two or more races"
"CP05_2008_031E","2008 Estimate!!RACE!!One race"
"CP05_2008_032E","2008 Estimate!!RACE!!One race!!White"
"CP05_2008_033E","2008 Estimate!!RACE!!One race!!Black or African American"
"CP05_2008_034E","2008 Estimate!!RACE!!One race!!American Indian and Alaska Native"
"CP05_2008_035E","2008 Estimate!!RACE!!One race!!American Indian and Alaska Native!!Cherokee tribal grouping"
"CP05_2008_036E","2008 Estimate!!RACE!!One race!!American Indian and Alaska Native!!Chippewa tribal grouping"
"CP05_2008_037E","2008 Estimate!!RACE!!One race!!American Indian and Alaska Native!!Navajo tribal grouping"
"CP05_2008_038E","2008 Estimate!!RACE!!One race!!American Indian and Alaska Native!!Sioux tribal grouping"
"CP05_2008_039E","2008 Estimate!!RACE!!One race!!Asian"
"CP05_2008_040E","2008 Estimate!!RACE!!One race!!Asian!!Asian Indian"
"CP05_2008_041E","2008 Estimate!!RACE!!One race!!Asian!!Chinese"
"CP05_2008_042E","2008 Estimate!!RACE!!One race!!Asian!!Filipino"
"CP05_2008_043E","2008 Estimate!!RACE!!One race!!Asian!!Japanese"
"CP05_2008_044E","2008 Estimate!!RACE!!One race!!Asian!!Korean"
"CP05_2008_045E","2008 Estimate!!RACE!!One race!!Asian!!Vietnamese"
"CP05_2008_046E","2008 Estimate!!RACE!!One race!!Asian!!Other Asian"
"CP05_2008_047E","2008 Estimate!!RACE!!One race!!Native Hawaiian and Other Pacific Islander"
"CP05_2008_048E","2008 Estimate!!RACE!!One race!!Native Hawaiian and Other Pacific Islander!!Native Hawaiian"
"CP05_2008_049E","2008 Estimate!!RACE!!One race!!Native Hawaiian and Other Pacific Islander!!Guamanian or Chamorro"
"CP05_2008_050E","2008 Estimate!!RACE!!One race!!Native Hawaiian and Other Pacific Islander!!Samoan"
"CP05_2008_051E","2008 Estimate!!RACE!!One race!!Native Hawaiian and Other Pacific Islander!!Other Pacific Islander"
"CP05_2008_052E","2008 Estimate!!RACE!!One race!!Some other race"
"CP05_2008_053E","2008 Estimate!!RACE!!Two or more races"
"CP05_2008_054E","2008 Estimate!!RACE!!Two or more races!!White and Black or African American"
"CP05_2008_055E","2008 Estimate!!RACE!!Two or more races!!White and American Indian and Alaska Native"
"CP05_2008_056E","2008 Estimate!!RACE!!Two or more races!!White and Asian"
"CP05_2008_057E","2008 Estimate!!RACE!!Two or more races!!Black or African American and American Indian and Alaska Native"
"CP05_2008_058E","2008 Estimate!!RACE!!Race alone or in combination with one or more other races!!Total population"
"CP05_2008_059E","2008 Estimate!!RACE!!White"
"CP05_2008_060E","2008 Estimate!!RACE!!Black or African American"
"CP05_2008_061E","2008 Estimate!!RACE!!American Indian and Alaska Native"
"CP05_2008_062E","2008 Estimate!!RACE!!Asian"
"CP05_2008_063E","2008 Estimate!!RACE!!Native Hawaiian and Other Pacific Islander"
"CP05_2008_064E","2008 Estimate!!RACE!!Some other race"
"CP05_2008_065E","2008 Estimate!!HISPANIC OR LATINO AND RACE!!Total population"
"CP05_2008_066E","2008 Estimate!!HISPANIC OR LATINO AND RACE!!Hispanic or Latino (of any race)"
"CP05_2008_067E","2008 Estimate!!HISPANIC OR LATINO AND RACE!!Hispanic or Latino (of any race)!!Mexican"
"CP05_2008_068E","2008 Estimate!!HISPANIC OR LATINO AND RACE!!Hispanic or Latino (of any race)!!Puerto Rican"
"CP05_2008_069E","2008 Estimate!!HISPANIC OR LATINO AND RACE!!Hispanic or Latino (of any race)!!Cuban"
"CP05_2008_070E","2008 Estimate!!HISPANIC OR LATINO AND RACE!!Hispanic or Latino (of any race)!!Other Hispanic or Latino"
"CP05_2008_071E","2008 Estimate!!HISPANIC OR LATINO AND RACE!!Not Hispanic or Latino"
"CP05_2008_072E","2008 Estimate!!HISPANIC OR LATINO AND RACE!!Not Hispanic or Latino!!White alone"
"CP05_2008_073E","2008 Estimate!!HISPANIC OR LATINO AND RACE!!Not Hispanic or Latino!!Black or African American alone"
"CP05_2008_074E","2008 Estimate!!HISPANIC OR LATINO AND RACE!!Not Hispanic or Latino!!American Indian and Alaska Native alone"
"CP05_2008_075E","2008 Estimate!!HISPANIC OR LATINO AND RACE!!Not Hispanic or Latino!!Asian alone"
"CP05_2008_076E","2008 Estimate!!HISPANIC OR LATINO AND RACE!!Not Hispanic or Latino!!Native Hawaiian and Other Pacific Islander alone"
"CP05_2008_077E","2008 Estimate!!HISPANIC OR LATINO AND RACE!!Not Hispanic or Latino!!Some other race alone"
"CP05_2008_078E","2008 Estimate!!HISPANIC OR LATINO AND RACE!!Not Hispanic or Latino!!Two or more races"
"CP05_2008_079E","2008 Estimate!!HISPANIC OR LATINO AND RACE!!Not Hispanic or Latino!!Two or more races!!Two races including Some other race"
"CP05_2008_080E","2008 Estimate!!HISPANIC OR LATINO AND RACE!!Not Hispanic or Latino!!Two or more races!!Two races excluding Some other race, and Three or more races"
"CP05_2008_081E","2008 Estimate!!HISPANIC OR LATINO AND RACE!!Total housing units"
"CP05_2009_001E","2009 Estimate!!SEX AND AGE!!Total population"
"CP05_2009_002E","2009 Estimate!!SEX AND AGE!!Male"
"CP05_2009_003E","2009 Estimate!!SEX AND AGE!!Female"
"CP05_2009_004E","2009 Estimate!!SEX AND AGE!!Under 5 years"
"CP05_2009_005E","2009 Estimate!!SEX AND AGE!!5 to 9 years"
"CP05_2009_006E","2009 Estimate!!SEX AND AGE!!10 to 14 years"
"CP05_2009_007E","2009 Estimate!!SEX AND AGE!!15 to 19 years"
"CP05_2009_008E","2009 Estimate!!SEX AND AGE!!20 to 24 years"
"CP05_2009_009E","2009 Estimate!!SEX AND AGE!!25 to 34 years"
"CP05_2009_010E","2009 Estimate!!SEX AND AGE!!35 to 44 years"
"CP05_2009_011E","2009 Estimate!!SEX AND AGE!!45 to 54 years"
"CP05_2009_012E","2009 Estimate!!SEX AND AGE!!55 to 59 years"
"CP05_2009_013E","2009 Estimate!!SEX AND AGE!!60 to 64 years"
"CP05_2009_014E","2009 Estimate!!SEX AND AGE!!65 to 74 years"
"CP05_2009_015E","2009 Estimate!!SEX AND AGE!!75 to 84 years"
"CP05_2009_016E","2009 Estimate!!SEX AND AGE!!85 years and over"
"CP05_2009_017E","2009 Estimate!!SEX AND AGE!!Median age (years)"
"CP05_2009_018E","2009 Estimate!!SEX AND AGE!!18 years and over"
"CP05_2009_019E","2009 Estimate!!SEX AND AGE!!21 years and over"
"CP05_2009_020E","2009 Estimate!!SEX AND AGE!!62 years and over"
"CP05_2009_021E","2009 Estimate!!SEX AND AGE!!65 years and over"
"CP05_2009_022E","2009 Estimate!!SEX AND AGE!!18 years and over"
"CP05_2009_023E","2009 Estimate!!SEX AND AGE!!Male"
"CP05_2009_024E","2009 Estimate!!SEX AND AGE!!Female"
"CP05_2009_025E","2009 Estimate!!SEX AND AGE!!65 years and over"
"CP05_2009_026E","2009 Estimate!!SEX AND AGE!!Male"
"CP05_2009_027E","2009 Estimate!!SEX AND AGE!!Female"
"CP05_2009_028E","2009 Estimate!!RACE!!Total population"
"CP05_2009_029E","2009 Estimate!!RACE!!One race"
"CP05_2009_030E","2009 Estimate!!RACE!!Two or more races"
"CP05_2009_031E","2009 Estimate!!RACE!!One race"
"CP05_2009_032E","2009 Estimate!!RACE!!One race!!White"
"CP05_2009_033E","2009 Estimate!!RACE!!One race!!Black or African American"
"CP05_2009_034E","2009 Estimate!!RACE!!One race!!American Indian and Alaska Native"
"CP05_2009_035E","2009 Estimate!!RACE!!One race!!American Indian and Alaska Native!!Cherokee tribal grouping"
"CP05_2009_036E","2009 Estimate!!RACE!!One race!!American Indian and Alaska Native!!Chippewa tribal grouping"
"CP05_2009_037E","2009 Estimate!!RACE!!One race!!American Indian and Alaska Native!!Navajo tribal grouping"
"CP05_2009_038E","2009 Estimate!!RACE!!One race!!American Indian and Alaska Native!!Sioux tribal grouping"
"CP05_2009_039E","2009 Estimate!!RACE!!One race!!Asian"
"CP05_2009_040E","2009 Estimate!!RACE!!One race!!Asian!!Asian Indian"
"CP05_2009_041E","2009 Estimate!!RACE!!One race!!Asian!!Chinese"
"CP05_2009_042E","2009 Estimate!!RACE!!One race!!Asian!!Filipino"
"CP05_2009_043E","2009 Estimate!!RACE!!One race!!Asian!!Japanese"
"CP05_2009_044E","2009 Estimate!!RACE!!One race!!Asian!!Korean"
"CP05_2009_045E","2009 Estimate!!RACE!!One race!!Asian!!Vietnamese"
"CP05_2009_046E","2009 Estimate!!RACE!!One race!!Asian!!Other Asian"
"CP05_2009_047E","2009 Estimate!!RACE!!One race!!Native Hawaiian and Other Pacific Islander"
"CP05_2009_048E","2009 Estimate!!RACE!!One race!!Native Hawaiian and Other Pacific Islander!!Native Hawaiian"
"CP05_2009_049E","2009 Estimate!!RACE!!One race!!Native Hawaiian and Other Pacific Islander!!Guamanian or Chamorro"
"CP05_2009_050E","2009 Estimate!!RACE!!One race!!Native Hawaiian and Other Pacific Islander!!Samoan"
"CP05_2009_051E","2009 Estimate!!RACE!!One race!!Native Hawaiian and Other Pacific Islander!!Other Pacific Islander"
"CP05_2009_052E","2009 Estimate!!RACE!!One race!!Some other race"
"CP05_2009_053E","2009 Estimate!!RACE!!Two or more races"
"CP05_2009_054E","2009 Estimate!!RACE!!Two or more races!!White and Black or African American"
"CP05_2009_055E","2009 Estimate!!RACE!!Two or more races!!White and American Indian and Alaska Native"
"CP05_2009_056E","2009 Estimate!!RACE!!Two or more races!!White and Asian"
"CP05_2009_057E","2009 Estimate!!RACE!!Two or more races!!Black or African American and American Indian and Alaska Native"
"CP05_2009_058E","2009 Estimate!!RACE!!Race alone or in combination with one or more other races!!Total population"
"CP05_2009_059E","2009 Estimate!!RACE!!White"
"CP05_2009_060E","2009 Estimate!!RACE!!Black or African American"
"CP05_2009_061E","2009 Estimate!!RACE!!American Indian and Alaska Native"
"CP05_2009_062E","2009 Estimate!!RACE!!Asian"
"CP05_2009_063E","2009 Estimate!!RACE!!Native Hawaiian and Other Pacific Islander"
"CP05_2009_064E","2009 Estimate!!RACE!!Some other race"
"CP05_2009_065E","2009 Estimate!!HISPANIC OR LATINO AND RACE!!Total population"
"CP05_2009_066E","2009 Estimate!!HISPANIC OR LATINO AND RACE!!Hispanic or Latino (of any race)"
"CP05_2009_067E","2009 Estimate!!HISPANIC OR LATINO AND RACE!!Hispanic or Latino (of any race)!!Mexican"
"CP05_2009_068E","2009 Estimate!!HISPANIC OR LATINO AND RACE!!Hispanic or Latino (of any race)!!Puerto Rican"
"CP05_2009_069E","2009 Estimate!!HISPANIC OR LATINO AND RACE!!Hispanic or Latino (of any race)!!Cuban"
"CP05_2009_070E","2009 Estimate!!HISPANIC OR LATINO AND RACE!!Hispanic or Latino (of any race)!!Other Hispanic or Latino"
"CP05_2009_071E","2009 Estimate!!HISPANIC OR LATINO AND RACE!!Not Hispanic or Latino"
"CP05_2009_072E","2009 Estimate!!HISPANIC OR LATINO AND RACE!!Not Hispanic or Latino!!White alone"
"CP05_2009_073E","2009 Estimate!!HISPANIC OR LATINO AND RACE!!Not Hispanic or Latino!!Black or African American alone"
"CP05_2009_074E","2009 Estimate!!HISPANIC OR LATINO AND RACE!!Not Hispanic or Latino!!American Indian and Alaska Native alone"
"CP05_2009_075E","2009 Estimate!!HISPANIC OR LATINO AND RACE!!Not Hispanic or Latino!!Asian alone"
"CP05_2009_076E","2009 Estimate!!HISPANIC OR LATINO AND RACE!!Not Hispanic or Latino!!Native Hawaiian and Other Pacific Islander alone"
"CP05_2009_077E","2009 Estimate!!HISPANIC OR LATINO AND RACE!!Not Hispanic or Latino!!Some other race alone"
"CP05_2009_078E","2009 Estimate!!HISPANIC OR LATINO AND RACE!!Not Hispanic or Latino!!Two or more races"
"CP05_2009_079E","2009 Estimate!!HISPANIC OR LATINO AND RACE!!Not Hispanic or Latino!!Two or more races!!Two races including Some other race"
"CP05_2009_080E","2009 Estimate!!HISPANIC OR LATINO AND RACE!!Not Hispanic or Latino!!Two or more races!!Two races excluding Some other race, and Three or more races"
"CP05_2009_081E","2009 Estimate!!HISPANIC OR LATINO AND RACE!!Total housing units"
"CP05_2010_001E","2010 Estimate!!SEX AND AGE!!Total population"
"CP05_2010_002E","2010 Estimate!!SEX AND AGE!!Male"
"CP05_2010_003E","2010 Estimate!!SEX AND AGE!!Female"
"CP05_2010_004E","2010 Estimate!!SEX AND AGE!!Under 5 years"
"CP05_2010_005E","2010 Estimate!!SEX AND AGE!!5 to 9 years"
"CP05_2010_006E","2010 Estimate!!SEX AND AGE!!10 to 14 years"
"CP05_2010_007E","2010 Estimate!!SEX AND AGE!!15 to 19 years"
"CP05_2010_008E","2010 Estimate!!SEX AND AGE!!20 to 24 years"
"CP05_2010_009E","2010 Estimate!!SEX AND AGE!!25 to 34 years"
"CP05_2010_010E","2010 Estimate!!SEX AND AGE!!35 to 44 years"
"CP05_2010_011E","2010 Estimate!!SEX AND AGE!!45 to 54 years"
"CP05_2010_012E","2010 Estimate!!SEX AND AGE!!55 to 59 years"
"CP05_2010_013E","2010 Estimate!!SEX AND AGE!!60 to 64 years"
"CP05_2010_014E","2010 Estimate!!SEX AND AGE!!65 to 74 years"
"CP05_2010_015E","2010 Estimate!!SEX AND AGE!!75 to 84 years"
"CP05_2010_016E","2010 Estimate!!SEX AND AGE!!85 years and over"
"CP05_2010_017E","2010 Estimate!!SEX AND AGE!!Median age (years)"
"CP05_2010_018E","2010 Estimate!!SEX AND AGE!!18 years and over"
"CP05_2010_019E","2010 Estimate!!SEX AND AGE!!21 years and over"
"CP05_2010_020E","2010 Estimate!!SEX AND AGE!!62 years and over"
"CP05_2010_021E","2010 Estimate!!SEX AND AGE!!65 years and over"
"CP05_2010_022E","2010 Estimate!!SEX AND AGE!!18 years and over"
"CP05_2010_023E","2010 Estimate!!SEX AND AGE!!Male"
"CP05_2010_024E","2010 Estimate!!SEX AND AGE!!Female"
"CP05_2010_025E","2010 Estimate!!SEX AND AGE!!65 years and over"
"CP05_2010_026E","2010 Estimate!!SEX AND AGE!!Male"
"CP05_2010_027E","2010 Estimate!!SEX AND AGE!!Female"
"CP05_2010_028E","2010 Estimate!!RACE!!Total population"
"CP05_2010_029E","2010 Estimate!!RACE!!One race"
"CP05_2010_030E","2010 Estimate!!RACE!!Two or more races"
"CP05_2010_031E","2010 Estimate!!RACE!!One race"
"CP05_2010_032E","2010 Estimate!!RACE!!One race!!White"
"CP05_2010_033E","2010 Estimate!!RACE!!One race!!Black or African American"
"CP05_2010_034E","2010 Estimate!!RACE!!One race!!American Indian and Alaska Native"
"CP05_2010_035E","2010 Estimate!!RACE!!One race!!American Indian and Alaska Native!!Cherokee tribal grouping"
"CP05_2010_036E","2010 Estimate!!RACE!!One race!!American Indian and Alaska Native!!Chippewa tribal grouping"
"CP05_2010_037E","2010 Estimate!!RACE!!One race!!American Indian and Alaska Native!!Navajo tribal grouping"
"CP05_2010_038E","2010 Estimate!!RACE!!One race!!American Indian and Alaska Native!!Sioux tribal grouping"
"CP05_2010_039E","2010 Estimate!!RACE!!One race!!Asian"
"CP05_2010_040E","2010 Estimate!!RACE!!One race!!Asian!!Asian Indian"
"CP05_2010_041E","2010 Estimate!!RACE!!One race!!Asian!!Chinese"
"CP05_2010_042E","2010 Estimate!!RACE!!One race!!Asian!!Filipino"
"CP05_2010_043E","2010 Estimate!!RACE!!One race!!Asian!!Japanese"
"CP05_2010_044E","2010 Estimate!!RACE!!One race!!Asian!!Korean"
"CP05_2010_045E","2010 Estimate!!RACE!!One race!!Asian!!Vietnamese"
"CP05_2010_046E","2010 Estimate!!RACE!!One race!!Asian!!Other Asian"
"CP05_2010_047E","2010 Estimate!!RACE!!One race!!Native Hawaiian and Other Pacific Islander"
"CP05_2010_048E","2010 Estimate!!RACE!!One race!!Native Hawaiian and Other Pacific Islander!!Native Hawaiian"
"CP05_2010_049E","2010 Estimate!!RACE!!One race!!Native Hawaiian and Other Pacific Islander!!Guamanian or Chamorro"
"CP05_2010_050E","2010 Estimate!!RACE!!One race!!Native Hawaiian and Other Pacific Islander!!Samoan"
"CP05_2010_051E","2010 Estimate!!RACE!!One race!!Native Hawaiian and Other Pacific Islander!!Other Pacific Islander"
"CP05_2010_052E","2010 Estimate!!RACE!!One race!!Some other race"
"CP05_2010_053E","2010 Estimate!!RACE!!Two or more races"
"CP05_2010_054E","2010 Estimate!!RACE!!Two or more races!!White and Black or African American"
"CP05_2010_055E","2010 Estimate!!RACE!!Two or more races!!White and American Indian and Alaska Native"
"CP05_2010_056E","2010 Estimate!!RACE!!Two or more races!!White and Asian"
"CP05_2010_057E","2010 Estimate!!RACE!!Two or more races!!Black or African American and American Indian and Alaska Native"
"CP05_2010_058E","2010 Estimate!!RACE!!Race alone or in combination with one or more other races!!Total population"
"CP05_2010_059E","2010 Estimate!!RACE!!White"
"CP05_2010_060E","2010 Estimate!!RACE!!Black or African American"
"CP05_2010_061E","2010 Estimate!!RACE!!American Indian and Alaska Native"
"CP05_2010_062E","2010 Estimate!!RACE!!Asian"
"CP05_2010_063E","2010 Estimate!!RACE!!Native Hawaiian and Other Pacific Islander"
"CP05_2010_064E","2010 Estimate!!RACE!!Some other race"
"CP05_2010_065E","2010 Estimate!!HISPANIC OR LATINO AND RACE!!Total population"
"CP05_2010_066E","2010 Estimate!!HISPANIC OR LATINO AND RACE!!Hispanic or Latino (of any race)"
"CP05_2010_067E","2010 Estimate!!HISPANIC OR LATINO AND RACE!!Hispanic or Latino (of any race)!!Mexican"
"CP05_2010_068E","2010 Estimate!!HISPANIC OR LATINO AND RACE!!Hispanic or Latino (of any race)!!Puerto Rican"
"CP05_2010_069E","2010 Estimate!!HISPANIC OR LATINO AND RACE!!Hispanic or Latino (of any race)!!Cuban"
"CP05_2010_070E","2010 Estimate!!HISPANIC OR LATINO AND RACE!!Hispanic or Latino (of any race)!!Other Hispanic or Latino"
"CP05_2010_071E","2010 Estimate!!HISPANIC OR LATINO AND RACE!!Not Hispanic or Latino"
"CP05_2010_072E","2010 Estimate!!HISPANIC OR LATINO AND RACE!!Not Hispanic or Latino!!White alone"
"CP05_2010_073E","2010 Estimate!!HISPANIC OR LATINO AND RACE!!Not Hispanic or Latino!!Black or African American alone"
"CP05_2010_074E","2010 Estimate!!HISPANIC OR LATINO AND RACE!!Not Hispanic or Latino!!American Indian and Alaska Native alone"
"CP05_2010_075E","2010 Estimate!!HISPANIC OR LATINO AND RACE!!Not Hispanic or Latino!!Asian alone"
"CP05_2010_076E","2010 Estimate!!HISPANIC OR LATINO AND RACE!!Not Hispanic or Latino!!Native Hawaiian and Other Pacific Islander alone"
"CP05_2010_077E","2010 Estimate!!HISPANIC OR LATINO AND RACE!!Not Hispanic or Latino!!Some other race alone"
"CP05_2010_078E","2010 Estimate!!HISPANIC OR LATINO AND RACE!!Not Hispanic or Latino!!Two or more races"
"CP05_2010_079E","2010 Estimate!!HISPANIC OR LATINO AND RACE!!Not Hispanic or Latino!!Two or more races!!Two races including Some other race"
"CP05_2010_080E","2010 Estimate!!HISPANIC OR LATINO AND RACE!!Not Hispanic or Latino!!Two or more races!!Two races excluding Some other race, and Three or more races"
"CP05_2010_081E","2010 Estimate!!HISPANIC OR LATINO AND RACE!!Total housing units"
"CP05_2011_001E","2011 Estimate!!SEX AND AGE!!Total population"
"CP05_2011_002E","2011 Estimate!!SEX AND AGE!!Male"
"CP05_2011_003E","2011 Estimate!!SEX AND AGE!!Female"
"CP05_2011_004E","2011 Estimate!!SEX AND AGE!!Under 5 years"
"CP05_2011_005E","2011 Estimate!!SEX AND AGE!!5 to 9 years"
"CP05_2011_006E","2011 Estimate!!SEX AND AGE!!10 to 14 years"
"CP05_2011_007E","2011 Estimate!!SEX AND AGE!!15 to 19 years"
"CP05_2011_008E","2011 Estimate!!SEX AND AGE!!20 to 24 years"
"CP05_2011_009E","2011 Estimate!!SEX AND AGE!!25 to 34 years"
"CP05_2011_010E","2011 Estimate!!SEX AND AGE!!35 to 44 years"
"CP05_2011_011E","2011 Estimate!!SEX AND AGE!!45 to 54 years"
"CP05_2011_012E","2011 Estimate!!SEX AND AGE!!55 to 59 years"
"CP05_2011_013E","2011 Estimate!!SEX AND AGE!!60 to 64 years"
"CP05_2011_014E","2011 Estimate!!SEX AND AGE!!65 to 74 years"
"CP05_2011_015E","2011 Estimate!!SEX AND AGE!!75 to 84 years"
"CP05_2011_016E","2011 Estimate!!SEX AND AGE!!85 years and over"
"CP05_2011_017E","2011 Estimate!!SEX AND AGE!!Median age (years)"
"CP05_2011_018E","2011 Estimate!!SEX AND AGE!!18 years and over"
"CP05_2011_019E","2011 Estimate!!SEX AND AGE!!21 years and over"
"CP05_2011_020E","2011 Estimate!!SEX AND AGE!!62 years and over"
"CP05_2011_021E","2011 Estimate!!SEX AND AGE!!65 years and over"
"CP05_2011_022E","2011 Estimate!!SEX AND AGE!!18 years and over"
"CP05_2011_023E","2011 Estimate!!SEX AND AGE!!Male"
"CP05_2011_024E","2011 Estimate!!SEX AND AGE!!Female"
"CP05_2011_025E","2011 Estimate!!SEX AND AGE!!65 years and over"
"CP05_2011_026E","2011 Estimate!!SEX AND AGE!!Male"
"CP05_2011_027E","2011 Estimate!!SEX AND AGE!!Female"
"CP05_2011_028E","2011 Estimate!!RACE!!Total population"
"CP05_2011_029E","2011 Estimate!!RACE!!One race"
"CP05_2011_030E","2011 Estimate!!RACE!!Two or more races"
"CP05_2011_031E","2011 Estimate!!RACE!!One race"
"CP05_2011_032E","2011 Estimate!!RACE!!One race!!White"
"CP05_2011_033E","2011 Estimate!!RACE!!One race!!Black or African American"
"CP05_2011_034E","2011 Estimate!!RACE!!One race!!American Indian and Alaska Native"
"CP05_2011_035E","2011 Estimate!!RACE!!One race!!American Indian and Alaska Native!!Cherokee tribal grouping"
"CP05_2011_036E","2011 Estimate!!RACE!!One race!!American Indian and Alaska Native!!Chippewa tribal grouping"
"CP05_2011_037E","2011 Estimate!!RACE!!One race!!American Indian and Alaska Native!!Navajo tribal grouping"
"CP05_2011_038E","2011 Estimate!!RACE!!One race!!American Indian and Alaska Native!!Sioux tribal grouping"
"CP05_2011_039E","2011 Estimate!!RACE!!One race!!Asian"
"CP05_2011_040E","2011 Estimate!!RACE!!One race!!Asian!!Asian Indian"
"CP05_2011_041E","2011 Estimate!!RACE!!One race!!Asian!!Chinese"
"CP05_2011_042E","2011 Estimate!!RACE!!One race!!Asian!!Filipino"
"CP05_2011_043E","2011 Estimate!!RACE!!One race!!Asian!!Japanese"
"CP05_2011_044E","2011 Estimate!!RACE!!One race!!Asian!!Korean"
"CP05_2011_045E","2011 Estimate!!RACE!!One race!!Asian!!Vietnamese"
"CP05_2011_046E","2011 Estimate!!RACE!!One race!!Asian!!Other Asian"
"CP05_2011_047E","2011 Estimate!!RACE!!One race!!Native Hawaiian and Other Pacific Islander"
"CP05_2011_048E","2011 Estimate!!RACE!!One race!!Native Hawaiian and Other Pacific Islander!!Native Hawaiian"
"CP05_2011_049E","2011 Estimate!!RACE!!One race!!Native Hawaiian and Other Pacific Islander!!Guamanian or Chamorro"
"CP05_2011_050E","2011 Estimate!!RACE!!One race!!Native Hawaiian and Other Pacific Islander!!Samoan"
"CP05_2011_051E","2011 Estimate!!RACE!!One race!!Native Hawaiian and Other Pacific Islander!!Other Pacific Islander"
"CP05_2011_052E","2011 Estimate!!RACE!!One race!!Some other race"
"CP05_2011_053E","2011 Estimate!!RACE!!Two or more races"
"CP05_2011_054E","2011 Estimate!!RACE!!Two or more races!!White and Black or African American"
"CP05_2011_055E","2011 Estimate!!RACE!!Two or more races!!White and American Indian and Alaska Native"
"CP05_2011_056E","2011 Estimate!!RACE!!Two or more races!!White and Asian"
"CP05_2011_057E","2011 Estimate!!RACE!!Two or more races!!Black or African American and American Indian and Alaska Native"
"CP05_2011_058E","2011 Estimate!!RACE!!Race alone or in combination with one or more other races!!Total population"
"CP05_2011_059E","2011 Estimate!!RACE!!White"
"CP05_2011_060E","2011 Estimate!!RACE!!Black or African American"
"CP05_2011_061E","2011 Estimate!!RACE!!American Indian and Alaska Native"
"CP05_2011_062E","2011 Estimate!!RACE!!Asian"
"CP05_2011_063E","2011 Estimate!!RACE!!Native Hawaiian and Other Pacific Islander"
"CP05_2011_064E","2011 Estimate!!RACE!!Some other race"
"CP05_2011_065E","2011 Estimate!!HISPANIC OR LATINO AND RACE!!Total population"
"CP05_2011_066E","2011 Estimate!!HISPANIC OR LATINO AND RACE!!Hispanic or Latino (of any race)"
"CP05_2011_067E","2011 Estimate!!HISPANIC OR LATINO AND RACE!!Hispanic or Latino (of any race)!!Mexican"
"CP05_2011_068E","2011 Estimate!!HISPANIC OR LATINO AND RACE!!Hispanic or Latino (of any race)!!Puerto Rican"
"CP05_2011_069E","2011 Estimate!!HISPANIC OR LATINO AND RACE!!Hispanic or Latino (of any race)!!Cuban"
"CP05_2011_070E","2011 Estimate!!HISPANIC OR LATINO AND RACE!!Hispanic or Latino (of any race)!!Other Hispanic or Latino"
"CP05_2011_071E","2011 Estimate!!HISPANIC OR LATINO AND RACE!!Not Hispanic or Latino"
"CP05_2011_072E","2011 Estimate!!HISPANIC OR LATINO AND RACE!!Not Hispanic or Latino!!White alone"
"CP05_2011_073E","2011 Estimate!!HISPANIC OR LATINO AND RACE!!Not Hispanic or Latino!!Black or African American alone"
"CP05_2011_074E","2011 Estimate!!HISPANIC OR LATINO AND RACE!!Not Hispanic or Latino!!American Indian and Alaska Native alone"
"CP05_2011_075E","2011 Estimate!!HISPANIC OR LATINO AND RACE!!Not Hispanic or Latino!!Asian alone"
"CP05_2011_076E","2011 Estimate!!HISPANIC OR LATINO AND RACE!!Not Hispanic or Latino!!Native Hawaiian and Other Pacific Islander alone"
"CP05_2011_077E","2011 Estimate!!HISPANIC OR LATINO AND RACE!!Not Hispanic or Latino!!Some other race alone"
"CP05_2011_078E","2011 Estimate!!HISPANIC OR LATINO AND RACE!!Not Hispanic or Latino!!Two or more races"
"CP05_2011_079E","2011 Estimate!!HISPANIC OR LATINO AND RACE!!Not Hispanic or Latino!!Two or more races!!Two races including Some other race"
"CP05_2011_080E","2011 Estimate!!HISPANIC OR LATINO AND RACE!!Not Hispanic or Latino!!Two or more races!!Two races excluding Some other race, and Three or more races"
"CP05_2011_081E","2011 Estimate!!HISPANIC OR LATINO AND RACE!!Total housing units"
"CP05_2011to2007_001SS","2011 - 2007 Statistical Significance!!SEX AND AGE!!Total population"
"CP05_2011to2007_002SS","2011 - 2007 Statistical Significance!!SEX AND AGE!!Male"
"CP05_2011to2007_003SS","2011 - 2007 Statistical Significance!!SEX AND AGE!!Female"
"CP05_2011to2007_004SS","2011 - 2007 Statistical Significance!!SEX AND AGE!!Under 5 years"
"CP05_2011to2007_005SS","2011 - 2007 Statistical Significance!!SEX AND AGE!!5 to 9 years"
"CP05_2011to2007_006SS","2011 - 2007 Statistical Significance!!SEX AND AGE!!10 to 14 years"
"CP05_2011to2007_007SS","2011 - 2007 Statistical Significance!!SEX AND AGE!!15 to 19 years"
"CP05_2011to2007_008SS","2011 - 2007 Statistical Significance!!SEX AND AGE!!20 to 24 years"
"CP05_2011to2007_009SS","2011 - 2007 Statistical Significance!!SEX AND AGE!!25 to 34 years"
"CP05_2011to2007_010SS","2011 - 2007 Statistical Significance!!SEX AND AGE!!35 to 44 years"
"CP05_2011to2007_011SS","2011 - 2007 Statistical Significance!!SEX AND AGE!!45 to 54 years"
"CP05_2011to2007_012SS","2011 - 2007 Statistical Significance!!SEX AND AGE!!55 to 59 years"
"CP05_2011to2007_013SS","2011 - 2007 Statistical Significance!!SEX AND AGE!!60 to 64 years"
"CP05_2011to2007_014SS","2011 - 2007 Statistical Significance!!SEX AND AGE!!65 to 74 years"
"CP05_2011to2007_015SS","2011 - 2007 Statistical Significance!!SEX AND AGE!!75 to 84 years"
"CP05_2011to2007_016SS","2011 - 2007 Statistical Significance!!SEX AND AGE!!85 years and over"
"CP05_2011to2007_017SS","2011 - 2007 Statistical Significance!!SEX AND AGE!!Median age (years)"
"CP05_2011to2007_018SS","2011 - 2007 Statistical Significance!!SEX AND AGE!!18 years and over"
"CP05_2011to2007_019SS","2011 - 2007 Statistical Significance!!SEX AND AGE!!21 years and over"
"CP05_2011to2007_020SS","2011 - 2007 Statistical Significance!!SEX AND AGE!!62 years and over"
"CP05_2011to2007_021SS","2011 - 2007 Statistical Significance!!SEX AND AGE!!65 years and over"
"CP05_2011to2007_022SS","2011 - 2007 Statistical Significance!!SEX AND AGE!!18 years and over"
"CP05_2011to2007_023SS","2011 - 2007 Statistical Significance!!SEX AND AGE!!Male"
"CP05_2011to2007_024SS","2011 - 2007 Statistical Significance!!SEX AND AGE!!Female"
"CP05_2011to2007_025SS","2011 - 2007 Statistical Significance!!SEX AND AGE!!65 years and over"
"CP05_2011to2007_026SS","2011 - 2007 Statistical Significance!!SEX AND AGE!!Male"
"CP05_2011to2007_027SS","2011 - 2007 Statistical Significance!!SEX AND AGE!!Female"
"CP05_2011to2007_028SS","2011 - 2007 Statistical Significance!!RACE!!Total population"
"CP05_2011to2007_029SS","2011 - 2007 Statistical Significance!!RACE!!One race"
"CP05_2011to2007_030SS","2011 - 2007 Statistical Significance!!RACE!!Two or more races"
"CP05_2011to2007_031SS","2011 - 2007 Statistical Significance!!RACE!!One race"
"CP05_2011to2007_032SS","2011 - 2007 Statistical Significance!!RACE!!One race!!White"
"CP05_2011to2007_033SS","2011 - 2007 Statistical Significance!!RACE!!One race!!Black or African American"
"CP05_2011to2007_034SS","2011 - 2007 Statistical Significance!!RACE!!One race!!American Indian and Alaska Native"
"CP05_2011to2007_035SS","2011 - 2007 Statistical Significance!!RACE!!One race!!American Indian and Alaska Native!!Cherokee tribal grouping"
"CP05_2011to2007_036SS","2011 - 2007 Statistical Significance!!RACE!!One race!!American Indian and Alaska Native!!Chippewa tribal grouping"
"CP05_2011to2007_037SS","2011 - 2007 Statistical Significance!!RACE!!One race!!American Indian and Alaska Native!!Navajo tribal grouping"
"CP05_2011to2007_038SS","2011 - 2007 Statistical Significance!!RACE!!One race!!American Indian and Alaska Native!!Sioux tribal grouping"
"CP05_2011to2007_039SS","2011 - 2007 Statistical Significance!!RACE!!One race!!Asian"
"CP05_2011to2007_040SS","2011 - 2007 Statistical Significance!!RACE!!One race!!Asian!!Asian Indian"
"CP05_2011to2007_041SS","2011 - 2007 Statistical Significance!!RACE!!One race!!Asian!!Chinese"
"CP05_2011to2007_042SS","2011 - 2007 Statistical Significance!!RACE!!One race!!Asian!!Filipino"
"CP05_2011to2007_043SS","2011 - 2007 Statistical Significance!!RACE!!One race!!Asian!!Japanese"
"CP05_2011to2007_044SS","2011 - 2007 Statistical Significance!!RACE!!One race!!Asian!!Korean"
"CP05_2011to2007_045SS","2011 - 2007 Statistical Significance!!RACE!!One race!!Asian!!Vietnamese"
"CP05_2011to2007_046SS","2011 - 2007 Statistical Significance!!RACE!!One race!!Asian!!Other Asian"
"CP05_2011to2007_047SS","2011 - 2007 Statistical Significance!!RACE!!One race!!Native Hawaiian and Other Pacific Islander"
"CP05_2011to2007_048SS","2011 - 2007 Statistical Significance!!RACE!!One race!!Native Hawaiian and Other Pacific Islander!!Native Hawaiian"
"CP05_2011to2007_049SS","2011 - 2007 Statistical Significance!!RACE!!One race!!Native Hawaiian and Other Pacific Islander!!Guamanian or Chamorro"
"CP05_2011to2007_050SS","2011 - 2007 Statistical Significance!!RACE!!One race!!Native Hawaiian and Other Pacific Islander!!Samoan"
"CP05_2011to2007_051SS","2011 - 2007 Statistical Significance!!RACE!!One race!!Native Hawaiian and Other Pacific Islander!!Other Pacific Islander"
"CP05_2011to2007_052SS","2011 - 2007 Statistical Significance!!RACE!!One race!!Some other race"
"CP05_2011to2007_053SS","2011 - 2007 Statistical Significance!!RACE!!Two or more races"
"CP05_2011to2007_054SS","2011 - 2007 Statistical Significance!!RACE!!Two or more races!!White and Black or African American"
"CP05_2011to2007_055SS","2011 - 2007 Statistical Significance!!RACE!!Two or more races!!White and American Indian and Alaska Native"
"CP05_2011to2007_056SS","2011 - 2007 Statistical Significance!!RACE!!Two or more races!!White and Asian"
"CP05_2011to2007_057SS","2011 - 2007 Statistical Significance!!RACE!!Two or more races!!Black or African American and American Indian and Alaska Native"
"CP05_2011to2007_058SS","2011 - 2007 Statistical Significance!!RACE!!Race alone or in combination with one or more other races!!Total population"
"CP05_2011to2007_059SS","2011 - 2007 Statistical Significance!!RACE!!White"
"CP05_2011to2007_060SS","2011 - 2007 Statistical Significance!!RACE!!Black or African American"
"CP05_2011to2007_061SS","2011 - 2007 Statistical Significance!!RACE!!American Indian and Alaska Native"
"CP05_2011to2007_062SS","2011 - 2007 Statistical Significance!!RACE!!Asian"
"CP05_2011to2007_063SS","2011 - 2007 Statistical Significance!!RACE!!Native Hawaiian and Other Pacific Islander"
"CP05_2011to2007_064SS","2011 - 2007 Statistical Significance!!RACE!!Some other race"
"CP05_2011to2007_065SS","2011 - 2007 Statistical Significance!!HISPANIC OR LATINO AND RACE!!Total population"
"CP05_2011to2007_066SS","2011 - 2007 Statistical Significance!!HISPANIC OR LATINO AND RACE!!Hispanic or Latino (of any race)"
"CP05_2011to2007_067SS","2011 - 2007 Statistical Significance!!HISPANIC OR LATINO AND RACE!!Hispanic or Latino (of any race)!!Mexican"
"CP05_2011to2007_068SS","2011 - 2007 Statistical Significance!!HISPANIC OR LATINO AND RACE!!Hispanic or Latino (of any race)!!Puerto Rican"
"CP05_2011to2007_069SS","2011 - 2007 Statistical Significance!!HISPANIC OR LATINO AND RACE!!Hispanic or Latino (of any race)!!Cuban"
"CP05_2011to2007_070SS","2011 - 2007 Statistical Significance!!HISPANIC OR LATINO AND RACE!!Hispanic or Latino (of any race)!!Other Hispanic or Latino"
"CP05_2011to2007_071SS","2011 - 2007 Statistical Significance!!HISPANIC OR LATINO AND RACE!!Not Hispanic or Latino"
"CP05_2011to2007_072SS","2011 - 2007 Statistical Significance!!HISPANIC OR LATINO AND RACE!!Not Hispanic or Latino!!White alone"
"CP05_2011to2007_073SS","2011 - 2007 Statistical Significance!!HISPANIC OR LATINO AND RACE!!Not Hispanic or Latino!!Black or African American alone"
"CP05_2011to2007_074SS","2011 - 2007 Statistical Significance!!HISPANIC OR LATINO AND RACE!!Not Hispanic or Latino!!American Indian and Alaska Native alone"
"CP05_2011to2007_075SS","2011 - 2007 Statistical Significance!!HISPANIC OR LATINO AND RACE!!Not Hispanic or Latino!!Asian alone"
"CP05_2011to2007_076SS","2011 - 2007 Statistical Significance!!HISPANIC OR LATINO AND RACE!!Not Hispanic or Latino!!Native Hawaiian and Other Pacific Islander alone"
"CP05_2011to2007_077SS","2011 - 2007 Statistical Significance!!HISPANIC OR LATINO AND RACE!!Not Hispanic or Latino!!Some other race alone"
"CP05_2011to2007_078SS","2011 - 2007 Statistical Significance!!HISPANIC OR LATINO AND RACE!!Not Hispanic or Latino!!Two or more races"
"CP05_2011to2007_079SS","2011 - 2007 Statistical Significance!!HISPANIC OR LATINO AND RACE!!Not Hispanic or Latino!!Two or more races!!Two races including Some other race"
"CP05_2011to2007_080SS","2011 - 2007 Statistical Significance!!HISPANIC OR LATINO AND RACE!!Not Hispanic or Latino!!Two or more races!!Two races excluding Some other race, and Three or more races"
"CP05_2011to2007_081SS","2011 - 2007 Statistical Significance!!HISPANIC OR LATINO AND RACE!!Total housing units"
"CP05_2011to2008_001SS","2011 - 2008 Statistical Significance!!SEX AND AGE!!Total population"
"CP05_2011to2008_002SS","2011 - 2008 Statistical Significance!!SEX AND AGE!!Male"
"CP05_2011to2008_003SS","2011 - 2008 Statistical Significance!!SEX AND AGE!!Female"
"CP05_2011to2008_004SS","2011 - 2008 Statistical Significance!!SEX AND AGE!!Under 5 years"
"CP05_2011to2008_005SS","2011 - 2008 Statistical Significance!!SEX AND AGE!!5 to 9 years"
"CP05_2011to2008_006SS","2011 - 2008 Statistical Significance!!SEX AND AGE!!10 to 14 years"
"CP05_2011to2008_007SS","2011 - 2008 Statistical Significance!!SEX AND AGE!!15 to 19 years"
"CP05_2011to2008_008SS","2011 - 2008 Statistical Significance!!SEX AND AGE!!20 to 24 years"
"CP05_2011to2008_009SS","2011 - 2008 Statistical Significance!!SEX AND AGE!!25 to 34 years"
"CP05_2011to2008_010SS","2011 - 2008 Statistical Significance!!SEX AND AGE!!35 to 44 years"
"CP05_2011to2008_011SS","2011 - 2008 Statistical Significance!!SEX AND AGE!!45 to 54 years"
"CP05_2011to2008_012SS","2011 - 2008 Statistical Significance!!SEX AND AGE!!55 to 59 years"
"CP05_2011to2008_013SS","2011 - 2008 Statistical Significance!!SEX AND AGE!!60 to 64 years"
"CP05_2011to2008_014SS","2011 - 2008 Statistical Significance!!SEX AND AGE!!65 to 74 years"
"CP05_2011to2008_015SS","2011 - 2008 Statistical Significance!!SEX AND AGE!!75 to 84 years"
"CP05_2011to2008_016SS","2011 - 2008 Statistical Significance!!SEX AND AGE!!85 years and over"
"CP05_2011to2008_017SS","2011 - 2008 Statistical Significance!!SEX AND AGE!!Median age (years)"
"CP05_2011to2008_018SS","2011 - 2008 Statistical Significance!!SEX AND AGE!!18 years and over"
"CP05_2011to2008_019SS","2011 - 2008 Statistical Significance!!SEX AND AGE!!21 years and over"
"CP05_2011to2008_020SS","2011 - 2008 Statistical Significance!!SEX AND AGE!!62 years and over"
"CP05_2011to2008_021SS","2011 - 2008 Statistical Significance!!SEX AND AGE!!65 years and over"
"CP05_2011to2008_022SS","2011 - 2008 Statistical Significance!!SEX AND AGE!!18 years and over"
"CP05_2011to2008_023SS","2011 - 2008 Statistical Significance!!SEX AND AGE!!Male"
"CP05_2011to2008_024SS","2011 - 2008 Statistical Significance!!SEX AND AGE!!Female"
"CP05_2011to2008_025SS","2011 - 2008 Statistical Significance!!SEX AND AGE!!65 years and over"
"CP05_2011to2008_026SS","2011 - 2008 Statistical Significance!!SEX AND AGE!!Male"
"CP05_2011to2008_027SS","2011 - 2008 Statistical Significance!!SEX AND AGE!!Female"
"CP05_2011to2008_028SS","2011 - 2008 Statistical Significance!!RACE!!Total population"
"CP05_2011to2008_029SS","2011 - 2008 Statistical Significance!!RACE!!One race"
"CP05_2011to2008_030SS","2011 - 2008 Statistical Significance!!RACE!!Two or more races"
"CP05_2011to2008_031SS","2011 - 2008 Statistical Significance!!RACE!!One race"
"CP05_2011to2008_032SS","2011 - 2008 Statistical Significance!!RACE!!One race!!White"
"CP05_2011to2008_033SS","2011 - 2008 Statistical Significance!!RACE!!One race!!Black or African American"
"CP05_2011to2008_034SS","2011 - 2008 Statistical Significance!!RACE!!One race!!American Indian and Alaska Native"
"CP05_2011to2008_035SS","2011 - 2008 Statistical Significance!!RACE!!One race!!American Indian and Alaska Native!!Cherokee tribal grouping"
"CP05_2011to2008_036SS","2011 - 2008 Statistical Significance!!RACE!!One race!!American Indian and Alaska Native!!Chippewa tribal grouping"
"CP05_2011to2008_037SS","2011 - 2008 Statistical Significance!!RACE!!One race!!American Indian and Alaska Native!!Navajo tribal grouping"
"CP05_2011to2008_038SS","2011 - 2008 Statistical Significance!!RACE!!One race!!American Indian and Alaska Native!!Sioux tribal grouping"
"CP05_2011to2008_039SS","2011 - 2008 Statistical Significance!!RACE!!One race!!Asian"
"CP05_2011to2008_040SS","2011 - 2008 Statistical Significance!!RACE!!One race!!Asian!!Asian Indian"
"CP05_2011to2008_041SS","2011 - 2008 Statistical Significance!!RACE!!One race!!Asian!!Chinese"
"CP05_2011to2008_042SS","2011 - 2008 Statistical Significance!!RACE!!One race!!Asian!!Filipino"
"CP05_2011to2008_043SS","2011 - 2008 Statistical Significance!!RACE!!One race!!Asian!!Japanese"
"CP05_2011to2008_044SS","2011 - 2008 Statistical Significance!!RACE!!One race!!Asian!!Korean"
"CP05_2011to2008_045SS","2011 - 2008 Statistical Significance!!RACE!!One race!!Asian!!Vietnamese"
"CP05_2011to2008_046SS","2011 - 2008 Statistical Significance!!RACE!!One race!!Asian!!Other Asian"
"CP05_2011to2008_047SS","2011 - 2008 Statistical Significance!!RACE!!One race!!Native Hawaiian and Other Pacific Islander"
"CP05_2011to2008_048SS","2011 - 2008 Statistical Significance!!RACE!!One race!!Native Hawaiian and Other Pacific Islander!!Native Hawaiian"
"CP05_2011to2008_049SS","2011 - 2008 Statistical Significance!!RACE!!One race!!Native Hawaiian and Other Pacific Islander!!Guamanian or Chamorro"
"CP05_2011to2008_050SS","2011 - 2008 Statistical Significance!!RACE!!One race!!Native Hawaiian and Other Pacific Islander!!Samoan"
"CP05_2011to2008_051SS","2011 - 2008 Statistical Significance!!RACE!!One race!!Native Hawaiian and Other Pacific Islander!!Other Pacific Islander"
"CP05_2011to2008_052SS","2011 - 2008 Statistical Significance!!RACE!!One race!!Some other race"
"CP05_2011to2008_053SS","2011 - 2008 Statistical Significance!!RACE!!Two or more races"
"CP05_2011to2008_054SS","2011 - 2008 Statistical Significance!!RACE!!Two or more races!!White and Black or African American"
"CP05_2011to2008_055SS","2011 - 2008 Statistical Significance!!RACE!!Two or more races!!White and American Indian and Alaska Native"
"CP05_2011to2008_056SS","2011 - 2008 Statistical Significance!!RACE!!Two or more races!!White and Asian"
"CP05_2011to2008_057SS","2011 - 2008 Statistical Significance!!RACE!!Two or more races!!Black or African American and American Indian and Alaska Native"
"CP05_2011to2008_058SS","2011 - 2008 Statistical Significance!!RACE!!Race alone or in combination with one or more other races!!Total population"
"CP05_2011to2008_059SS","2011 - 2008 Statistical Significance!!RACE!!White"
"CP05_2011to2008_060SS","2011 - 2008 Statistical Significance!!RACE!!Black or African American"
"CP05_2011to2008_061SS","2011 - 2008 Statistical Significance!!RACE!!American Indian and Alaska Native"
"CP05_2011to2008_062SS","2011 - 2008 Statistical Significance!!RACE!!Asian"
"CP05_2011to2008_063SS","2011 - 2008 Statistical Significance!!RACE!!Native Hawaiian and Other Pacific Islander"
"CP05_2011to2008_064SS","2011 - 2008 Statistical Significance!!RACE!!Some other race"
"CP05_2011to2008_065SS","2011 - 2008 Statistical Significance!!HISPANIC OR LATINO AND RACE!!Total population"
"CP05_2011to2008_066SS","2011 - 2008 Statistical Significance!!HISPANIC OR LATINO AND RACE!!Hispanic or Latino (of any race)"
"CP05_2011to2008_067SS","2011 - 2008 Statistical Significance!!HISPANIC OR LATINO AND RACE!!Hispanic or Latino (of any race)!!Mexican"
"CP05_2011to2008_068SS","2011 - 2008 Statistical Significance!!HISPANIC OR LATINO AND RACE!!Hispanic or Latino (of any race)!!Puerto Rican"
"CP05_2011to2008_069SS","2011 - 2008 Statistical Significance!!HISPANIC OR LATINO AND RACE!!Hispanic or Latino (of any race)!!Cuban"
"CP05_2011to2008_070SS","2011 - 2008 Statistical Significance!!HISPANIC OR LATINO AND RACE!!Hispanic or Latino (of any race)!!Other Hispanic or Latino"
"CP05_2011to2008_071SS","2011 - 2008 Statistical Significance!!HISPANIC OR LATINO AND RACE!!Not Hispanic or Latino"
"CP05_2011to2008_072SS","2011 - 2008 Statistical Significance!!HISPANIC OR LATINO AND RACE!!Not Hispanic or Latino!!White alone"
"CP05_2011to2008_073SS","2011 - 2008 Statistical Significance!!HISPANIC OR LATINO AND RACE!!Not Hispanic or Latino!!Black or African American alone"
"CP05_2011to2008_074SS","2011 - 2008 Statistical Significance!!HISPANIC OR LATINO AND RACE!!Not Hispanic or Latino!!American Indian and Alaska Native alone"
"CP05_2011to2008_075SS","2011 - 2008 Statistical Significance!!HISPANIC OR LATINO AND RACE!!Not Hispanic or Latino!!Asian alone"
"CP05_2011to2008_076SS","2011 - 2008 Statistical Significance!!HISPANIC OR LATINO AND RACE!!Not Hispanic or Latino!!Native Hawaiian and Other Pacific Islander alone"
"CP05_2011to2008_077SS","2011 - 2008 Statistical Significance!!HISPANIC OR LATINO AND RACE!!Not Hispanic or Latino!!Some other race alone"
"CP05_2011to2008_078SS","2011 - 2008 Statistical Significance!!HISPANIC OR LATINO AND RACE!!Not Hispanic or Latino!!Two or more races"
"CP05_2011to2008_079SS","2011 - 2008 Statistical Significance!!HISPANIC OR LATINO AND RACE!!Not Hispanic or Latino!!Two or more races!!Two races including Some other race"
"CP05_2011to2008_080SS","2011 - 2008 Statistical Significance!!HISPANIC OR LATINO AND RACE!!Not Hispanic or Latino!!Two or more races!!Two races excluding Some other race, and Three or more races"
"CP05_2011to2008_081SS","2011 - 2008 Statistical Significance!!HISPANIC OR LATINO AND RACE!!Total housing units"
"CP05_2011to2009_001SS","2011 - 2009 Statistical Significance!!SEX AND AGE!!Total population"
"CP05_2011to2009_002SS","2011 - 2009 Statistical Significance!!SEX AND AGE!!Male"
"CP05_2011to2009_003SS","2011 - 2009 Statistical Significance!!SEX AND AGE!!Female"
"CP05_2011to2009_004SS","2011 - 2009 Statistical Significance!!SEX AND AGE!!Under 5 years"
"CP05_2011to2009_005SS","2011 - 2009 Statistical Significance!!SEX AND AGE!!5 to 9 years"
"CP05_2011to2009_006SS","2011 - 2009 Statistical Significance!!SEX AND AGE!!10 to 14 years"
"CP05_2011to2009_007SS","2011 - 2009 Statistical Significance!!SEX AND AGE!!15 to 19 years"
"CP05_2011to2009_008SS","2011 - 2009 Statistical Significance!!SEX AND AGE!!20 to 24 years"
"CP05_2011to2009_009SS","2011 - 2009 Statistical Significance!!SEX AND AGE!!25 to 34 years"
"CP05_2011to2009_010SS","2011 - 2009 Statistical Significance!!SEX AND AGE!!35 to 44 years"
"CP05_2011to2009_011SS","2011 - 2009 Statistical Significance!!SEX AND AGE!!45 to 54 years"
"CP05_2011to2009_012SS","2011 - 2009 Statistical Significance!!SEX AND AGE!!55 to 59 years"
"CP05_2011to2009_013SS","2011 - 2009 Statistical Significance!!SEX AND AGE!!60 to 64 years"
"CP05_2011to2009_014SS","2011 - 2009 Statistical Significance!!SEX AND AGE!!65 to 74 years"
"CP05_2011to2009_015SS","2011 - 2009 Statistical Significance!!SEX AND AGE!!75 to 84 years"
"CP05_2011to2009_016SS","2011 - 2009 Statistical Significance!!SEX AND AGE!!85 years and over"
"CP05_2011to2009_017SS","2011 - 2009 Statistical Significance!!SEX AND AGE!!Median age (years)"
"CP05_2011to2009_018SS","2011 - 2009 Statistical Significance!!SEX AND AGE!!18 years and over"
"CP05_2011to2009_019SS","2011 - 2009 Statistical Significance!!SEX AND AGE!!21 years and over"
"CP05_2011to2009_020SS","2011 - 2009 Statistical Significance!!SEX AND AGE!!62 years and over"
"CP05_2011to2009_021SS","2011 - 2009 Statistical Significance!!SEX AND AGE!!65 years and over"
"CP05_2011to2009_022SS","2011 - 2009 Statistical Significance!!SEX AND AGE!!18 years and over"
"CP05_2011to2009_023SS","2011 - 2009 Statistical Significance!!SEX AND AGE!!Male"
"CP05_2011to2009_024SS","2011 - 2009 Statistical Significance!!SEX AND AGE!!Female"
"CP05_2011to2009_025SS","2011 - 2009 Statistical Significance!!SEX AND AGE!!65 years and over"
"CP05_2011to2009_026SS","2011 - 2009 Statistical Significance!!SEX AND AGE!!Male"
"CP05_2011to2009_027SS","2011 - 2009 Statistical Significance!!SEX AND AGE!!Female"
"CP05_2011to2009_028SS","2011 - 2009 Statistical Significance!!RACE!!Total population"
"CP05_2011to2009_029SS","2011 - 2009 Statistical Significance!!RACE!!One race"
"CP05_2011to2009_030SS","2011 - 2009 Statistical Significance!!RACE!!Two or more races"
"CP05_2011to2009_031SS","2011 - 2009 Statistical Significance!!RACE!!One race"
"CP05_2011to2009_032SS","2011 - 2009 Statistical Significance!!RACE!!One race!!White"
"CP05_2011to2009_033SS","2011 - 2009 Statistical Significance!!RACE!!One race!!Black or African American"
"CP05_2011to2009_034SS","2011 - 2009 Statistical Significance!!RACE!!One race!!American Indian and Alaska Native"
"CP05_2011to2009_035SS","2011 - 2009 Statistical Significance!!RACE!!One race!!American Indian and Alaska Native!!Cherokee tribal grouping"
"CP05_2011to2009_036SS","2011 - 2009 Statistical Significance!!RACE!!One race!!American Indian and Alaska Native!!Chippewa tribal grouping"
"CP05_2011to2009_037SS","2011 - 2009 Statistical Significance!!RACE!!One race!!American Indian and Alaska Native!!Navajo tribal grouping"
"CP05_2011to2009_038SS","2011 - 2009 Statistical Significance!!RACE!!One race!!American Indian and Alaska Native!!Sioux tribal grouping"
"CP05_2011to2009_039SS","2011 - 2009 Statistical Significance!!RACE!!One race!!Asian"
"CP05_2011to2009_040SS","2011 - 2009 Statistical Significance!!RACE!!One race!!Asian!!Asian Indian"
"CP05_2011to2009_041SS","2011 - 2009 Statistical Significance!!RACE!!One race!!Asian!!Chinese"
"CP05_2011to2009_042SS","2011 - 2009 Statistical Significance!!RACE!!One race!!Asian!!Filipino"
"CP05_2011to2009_043SS","2011 - 2009 Statistical Significance!!RACE!!One race!!Asian!!Japanese"
"CP05_2011to2009_044SS","2011 - 2009 Statistical Significance!!RACE!!One race!!Asian!!Korean"
"CP05_2011to2009_045SS","2011 - 2009 Statistical Significance!!RACE!!One race!!Asian!!Vietnamese"
"CP05_2011to2009_046SS","2011 - 2009 Statistical Significance!!RACE!!One race!!Asian!!Other Asian"
"CP05_2011to2009_047SS","2011 - 2009 Statistical Significance!!RACE!!One race!!Native Hawaiian and Other Pacific Islander"
"CP05_2011to2009_048SS","2011 - 2009 Statistical Significance!!RACE!!One race!!Native Hawaiian and Other Pacific Islander!!Native Hawaiian"
"CP05_2011to2009_049SS","2011 - 2009 Statistical Significance!!RACE!!One race!!Native Hawaiian and Other Pacific Islander!!Guamanian or Chamorro"
"CP05_2011to2009_050SS","2011 - 2009 Statistical Significance!!RACE!!One race!!Native Hawaiian and Other Pacific Islander!!Samoan"
"CP05_2011to2009_051SS","2011 - 2009 Statistical Significance!!RACE!!One race!!Native Hawaiian and Other Pacific Islander!!Other Pacific Islander"
"CP05_2011to2009_052SS","2011 - 2009 Statistical Significance!!RACE!!One race!!Some other race"
"CP05_2011to2009_053SS","2011 - 2009 Statistical Significance!!RACE!!Two or more races"
"CP05_2011to2009_054SS","2011 - 2009 Statistical Significance!!RACE!!Two or more races!!White and Black or African American"
"CP05_2011to2009_055SS","2011 - 2009 Statistical Significance!!RACE!!Two or more races!!White and American Indian and Alaska Native"
"CP05_2011to2009_056SS","2011 - 2009 Statistical Significance!!RACE!!Two or more races!!White and Asian"
"CP05_2011to2009_057SS","2011 - 2009 Statistical Significance!!RACE!!Two or more races!!Black or African American and American Indian and Alaska Native"
"CP05_2011to2009_058SS","2011 - 2009 Statistical Significance!!RACE!!Race alone or in combination with one or more other races!!Total population"
"CP05_2011to2009_059SS","2011 - 2009 Statistical Significance!!RACE!!White"
"CP05_2011to2009_060SS","2011 - 2009 Statistical Significance!!RACE!!Black or African American"
"CP05_2011to2009_061SS","2011 - 2009 Statistical Significance!!RACE!!American Indian and Alaska Native"
"CP05_2011to2009_062SS","2011 - 2009 Statistical Significance!!RACE!!Asian"
"CP05_2011to2009_063SS","2011 - 2009 Statistical Significance!!RACE!!Native Hawaiian and Other Pacific Islander"
"CP05_2011to2009_064SS","2011 - 2009 Statistical Significance!!RACE!!Some other race"
"CP05_2011to2009_065SS","2011 - 2009 Statistical Significance!!HISPANIC OR LATINO AND RACE!!Total population"
"CP05_2011to2009_066SS","2011 - 2009 Statistical Significance!!HISPANIC OR LATINO AND RACE!!Hispanic or Latino (of any race)"
"CP05_2011to2009_067SS","2011 - 2009 Statistical Significance!!HISPANIC OR LATINO AND RACE!!Hispanic or Latino (of any race)!!Mexican"
"CP05_2011to2009_068SS","2011 - 2009 Statistical Significance!!HISPANIC OR LATINO AND RACE!!Hispanic or Latino (of any race)!!Puerto Rican"
"CP05_2011to2009_069SS","2011 - 2009 Statistical Significance!!HISPANIC OR LATINO AND RACE!!Hispanic or Latino (of any race)!!Cuban"
"CP05_2011to2009_070SS","2011 - 2009 Statistical Significance!!HISPANIC OR LATINO AND RACE!!Hispanic or Latino (of any race)!!Other Hispanic or Latino"
"CP05_2011to2009_071SS","2011 - 2009 Statistical Significance!!HISPANIC OR LATINO AND RACE!!Not Hispanic or Latino"
"CP05_2011to2009_072SS","2011 - 2009 Statistical Significance!!HISPANIC OR LATINO AND RACE!!Not Hispanic or Latino!!White alone"
"CP05_2011to2009_073SS","2011 - 2009 Statistical Significance!!HISPANIC OR LATINO AND RACE!!Not Hispanic or Latino!!Black or African American alone"
"CP05_2011to2009_074SS","2011 - 2009 Statistical Significance!!HISPANIC OR LATINO AND RACE!!Not Hispanic or Latino!!American Indian and Alaska Native alone"
"CP05_2011to2009_075SS","2011 - 2009 Statistical Significance!!HISPANIC OR LATINO AND RACE!!Not Hispanic or Latino!!Asian alone"
"CP05_2011to2009_076SS","2011 - 2009 Statistical Significance!!HISPANIC OR LATINO AND RACE!!Not Hispanic or Latino!!Native Hawaiian and Other Pacific Islander alone"
"CP05_2011to2009_077SS","2011 - 2009 Statistical Significance!!HISPANIC OR LATINO AND RACE!!Not Hispanic or Latino!!Some other race alone"
"CP05_2011to2009_078SS","2011 - 2009 Statistical Significance!!HISPANIC OR LATINO AND RACE!!Not Hispanic or Latino!!Two or more races"
"CP05_2011to2009_079SS","2011 - 2009 Statistical Significance!!HISPANIC OR LATINO AND RACE!!Not Hispanic or Latino!!Two or more races!!Two races including Some other race"
"CP05_2011to2009_080SS","2011 - 2009 Statistical Significance!!HISPANIC OR LATINO AND RACE!!Not Hispanic or Latino!!Two or more races!!Two races excluding Some other race, and Three or more races"
"CP05_2011to2009_081SS","2011 - 2009 Statistical Significance!!HISPANIC OR LATINO AND RACE!!Total housing units"
"CP05_2011to2010_001SS","2011 - 2010 Statistical Significance!!SEX AND AGE!!Total population"
"CP05_2011to2010_002SS","2011 - 2010 Statistical Significance!!SEX AND AGE!!Male"
"CP05_2011to2010_003SS","2011 - 2010 Statistical Significance!!SEX AND AGE!!Female"
"CP05_2011to2010_004SS","2011 - 2010 Statistical Significance!!SEX AND AGE!!Under 5 years"
"CP05_2011to2010_005SS","2011 - 2010 Statistical Significance!!SEX AND AGE!!5 to 9 years"
"CP05_2011to2010_006SS","2011 - 2010 Statistical Significance!!SEX AND AGE!!10 to 14 years"
"CP05_2011to2010_007SS","2011 - 2010 Statistical Significance!!SEX AND AGE!!15 to 19 years"
"CP05_2011to2010_008SS","2011 - 2010 Statistical Significance!!SEX AND AGE!!20 to 24 years"
"CP05_2011to2010_009SS","2011 - 2010 Statistical Significance!!SEX AND AGE!!25 to 34 years"
"CP05_2011to2010_010SS","2011 - 2010 Statistical Significance!!SEX AND AGE!!35 to 44 years"
"CP05_2011to2010_011SS","2011 - 2010 Statistical Significance!!SEX AND AGE!!45 to 54 years"
"CP05_2011to2010_012SS","2011 - 2010 Statistical Significance!!SEX AND AGE!!55 to 59 years"
"CP05_2011to2010_013SS","2011 - 2010 Statistical Significance!!SEX AND AGE!!60 to 64 years"
"CP05_2011to2010_014SS","2011 - 2010 Statistical Significance!!SEX AND AGE!!65 to 74 years"
"CP05_2011to2010_015SS","2011 - 2010 Statistical Significance!!SEX AND AGE!!75 to 84 years"
"CP05_2011to2010_016SS","2011 - 2010 Statistical Significance!!SEX AND AGE!!85 years and over"
"CP05_2011to2010_017SS","2011 - 2010 Statistical Significance!!SEX AND AGE!!Median age (years)"
"CP05_2011to2010_018SS","2011 - 2010 Statistical Significance!!SEX AND AGE!!18 years and over"
"CP05_2011to2010_019SS","2011 - 2010 Statistical Significance!!SEX AND AGE!!21 years and over"
"CP05_2011to2010_020SS","2011 - 2010 Statistical Significance!!SEX AND AGE!!62 years and over"
"CP05_2011to2010_021SS","2011 - 2010 Statistical Significance!!SEX AND AGE!!65 years and over"
"CP05_2011to2010_022SS","2011 - 2010 Statistical Significance!!SEX AND AGE!!18 years and over"
"CP05_2011to2010_023SS","2011 - 2010 Statistical Significance!!SEX AND AGE!!Male"
"CP05_2011to2010_024SS","2011 - 2010 Statistical Significance!!SEX AND AGE!!Female"
"CP05_2011to2010_025SS","2011 - 2010 Statistical Significance!!SEX AND AGE!!65 years and over"
"CP05_2011to2010_026SS","2011 - 2010 Statistical Significance!!SEX AND AGE!!Male"
"CP05_2011to2010_027SS","2011 - 2010 Statistical Significance!!SEX AND AGE!!Female"
"CP05_2011to2010_028SS","2011 - 2010 Statistical Significance!!RACE!!Total population"
"CP05_2011to2010_029SS","2011 - 2010 Statistical Significance!!RACE!!One race"
"CP05_2011to2010_030SS","2011 - 2010 Statistical Significance!!RACE!!Two or more races"
"CP05_2011to2010_031SS","2011 - 2010 Statistical Significance!!RACE!!One race"
"CP05_2011to2010_032SS","2011 - 2010 Statistical Significance!!RACE!!One race!!White"
"CP05_2011to2010_033SS","2011 - 2010 Statistical Significance!!RACE!!One race!!Black or African American"
"CP05_2011to2010_034SS","2011 - 2010 Statistical Significance!!RACE!!One race!!American Indian and Alaska Native"
"CP05_2011to2010_035SS","2011 - 2010 Statistical Significance!!RACE!!One race!!American Indian and Alaska Native!!Cherokee tribal grouping"
"CP05_2011to2010_036SS","2011 - 2010 Statistical Significance!!RACE!!One race!!American Indian and Alaska Native!!Chippewa tribal grouping"
"CP05_2011to2010_037SS","2011 - 2010 Statistical Significance!!RACE!!One race!!American Indian and Alaska Native!!Navajo tribal grouping"
"CP05_2011to2010_038SS","2011 - 2010 Statistical Significance!!RACE!!One race!!American Indian and Alaska Native!!Sioux tribal grouping"
"CP05_2011to2010_039SS","2011 - 2010 Statistical Significance!!RACE!!One race!!Asian"
"CP05_2011to2010_040SS","2011 - 2010 Statistical Significance!!RACE!!One race!!Asian!!Asian Indian"
"CP05_2011to2010_041SS","2011 - 2010 Statistical Significance!!RACE!!One race!!Asian!!Chinese"
"CP05_2011to2010_042SS","2011 - 2010 Statistical Significance!!RACE!!One race!!Asian!!Filipino"
"CP05_2011to2010_043SS","2011 - 2010 Statistical Significance!!RACE!!One race!!Asian!!Japanese"
"CP05_2011to2010_044SS","2011 - 2010 Statistical Significance!!RACE!!One race!!Asian!!Korean"
"CP05_2011to2010_045SS","2011 - 2010 Statistical Significance!!RACE!!One race!!Asian!!Vietnamese"
"CP05_2011to2010_046SS","2011 - 2010 Statistical Significance!!RACE!!One race!!Asian!!Other Asian"
"CP05_2011to2010_047SS","2011 - 2010 Statistical Significance!!RACE!!One race!!Native Hawaiian and Other Pacific Islander"
"CP05_2011to2010_048SS","2011 - 2010 Statistical Significance!!RACE!!One race!!Native Hawaiian and Other Pacific Islander!!Native Hawaiian"
"CP05_2011to2010_049SS","2011 - 2010 Statistical Significance!!RACE!!One race!!Native Hawaiian and Other Pacific Islander!!Guamanian or Chamorro"
"CP05_2011to2010_050SS","2011 - 2010 Statistical Significance!!RACE!!One race!!Native Hawaiian and Other Pacific Islander!!Samoan"
"CP05_2011to2010_051SS","2011 - 2010 Statistical Significance!!RACE!!One race!!Native Hawaiian and Other Pacific Islander!!Other Pacific Islander"
"CP05_2011to2010_052SS","2011 - 2010 Statistical Significance!!RACE!!One race!!Some other race"
"CP05_2011to2010_053SS","2011 - 2010 Statistical Significance!!RACE!!Two or more races"
"CP05_2011to2010_054SS","2011 - 2010 Statistical Significance!!RACE!!Two or more races!!White and Black or African American"
"CP05_2011to2010_055SS","2011 - 2010 Statistical Significance!!RACE!!Two or more races!!White and American Indian and Alaska Native"
"CP05_2011to2010_056SS","2011 - 2010 Statistical Significance!!RACE!!Two or more races!!White and Asian"
"CP05_2011to2010_057SS","2011 - 2010 Statistical Significance!!RACE!!Two or more races!!Black or African American and American Indian and Alaska Native"
"CP05_2011to2010_058SS","2011 - 2010 Statistical Significance!!RACE!!Race alone or in combination with one or more other races!!Total population"
"CP05_2011to2010_059SS","2011 - 2010 Statistical Significance!!RACE!!White"
"CP05_2011to2010_060SS","2011 - 2010 Statistical Significance!!RACE!!Black or African American"
"CP05_2011to2010_061SS","2011 - 2010 Statistical Significance!!RACE!!American Indian and Alaska Native"
"CP05_2011to2010_062SS","2011 - 2010 Statistical Significance!!RACE!!Asian"
"CP05_2011to2010_063SS","2011 - 2010 Statistical Significance!!RACE!!Native Hawaiian and Other Pacific Islander"
"CP05_2011to2010_064SS","2011 - 2010 Statistical Significance!!RACE!!Some other race"
"CP05_2011to2010_065SS","2011 - 2010 Statistical Significance!!HISPANIC OR LATINO AND RACE!!Total population"
"CP05_2011to2010_066SS","2011 - 2010 Statistical Significance!!HISPANIC OR LATINO AND RACE!!Hispanic or Latino (of any race)"
"CP05_2011to2010_067SS","2011 - 2010 Statistical Significance!!HISPANIC OR LATINO AND RACE!!Hispanic or Latino (of any race)!!Mexican"
"CP05_2011to2010_068SS","2011 - 2010 Statistical Significance!!HISPANIC OR LATINO AND RACE!!Hispanic or Latino (of any race)!!Puerto Rican"
"CP05_2011to2010_069SS","2011 - 2010 Statistical Significance!!HISPANIC OR LATINO AND RACE!!Hispanic or Latino (of any race)!!Cuban"
"CP05_2011to2010_070SS","2011 - 2010 Statistical Significance!!HISPANIC OR LATINO AND RACE!!Hispanic or Latino (of any race)!!Other Hispanic or Latino"
"CP05_2011to2010_071SS","2011 - 2010 Statistical Significance!!HISPANIC OR LATINO AND RACE!!Not Hispanic or Latino"
"CP05_2011to2010_072SS","2011 - 2010 Statistical Significance!!HISPANIC OR LATINO AND RACE!!Not Hispanic or Latino!!White alone"
"CP05_2011to2010_073SS","2011 - 2010 Statistical Significance!!HISPANIC OR LATINO AND RACE!!Not Hispanic or Latino!!Black or African American alone"
"CP05_2011to2010_074SS","2011 - 2010 Statistical Significance!!HISPANIC OR LATINO AND RACE!!Not Hispanic or Latino!!American Indian and Alaska Native alone"
"CP05_2011to2010_075SS","2011 - 2010 Statistical Significance!!HISPANIC OR LATINO AND RACE!!Not Hispanic or Latino!!Asian alone"
"CP05_2011to2010_076SS","2011 - 2010 Statistical Significance!!HISPANIC OR LATINO AND RACE!!Not Hispanic or Latino!!Native Hawaiian and Other Pacific Islander alone"
"CP05_2011to2010_077SS","2011 - 2010 Statistical Significance!!HISPANIC OR LATINO AND RACE!!Not Hispanic or Latino!!Some other race alone"
"CP05_2011to2010_078SS","2011 - 2010 Statistical Significance!!HISPANIC OR LATINO AND RACE!!Not Hispanic or Latino!!Two or more races"
"CP05_2011to2010_079SS","2011 - 2010 Statistical Significance!!HISPANIC OR LATINO AND RACE!!Not Hispanic or Latino!!Two or more races!!Two races including Some other race"
"CP05_2011to2010_080SS","2011 - 2010 Statistical Significance!!HISPANIC OR LATINO AND RACE!!Not Hispanic or Latino!!Two or more races!!Two races excluding Some other race, and Three or more races"
"CP05_2011to2010_081SS","2011 - 2010 Statistical Significance!!HISPANIC OR LATINO AND RACE!!Total housing units"
