"GEO_ID","id"
"NAME","Geographic Area Name"
"CP05_2009_001E","2009 Estimate!!SEX AND AGE!!Total population"
"CP05_2009_002E","2009 Estimate!!SEX AND AGE!!Total population!!Male"
"CP05_2009_003E","2009 Estimate!!SEX AND AGE!!Total population!!Female"
"CP05_2009_004E","2009 Estimate!!SEX AND AGE!!Under 5 years"
"CP05_2009_005E","2009 Estimate!!SEX AND AGE!!5 to 9 years"
"CP05_2009_006E","2009 Estimate!!SEX AND AGE!!10 to 14 years"
"CP05_2009_007E","2009 Estimate!!SEX AND AGE!!15 to 19 years"
"CP05_2009_008E","2009 Estimate!!SEX AND AGE!!20 to 24 years"
"CP05_2009_009E","2009 Estimate!!SEX AND AGE!!25 to 34 years"
"CP05_2009_010E","2009 Estimate!!SEX AND AGE!!35 to 44 years"
"CP05_2009_011E","2009 Estimate!!SEX AND AGE!!45 to 54 years"
"CP05_2009_012E","2009 Estimate!!SEX AND AGE!!55 to 59 years"
"CP05_2009_013E","2009 Estimate!!SEX AND AGE!!60 to 64 years"
"CP05_2009_014E","2009 Estimate!!SEX AND AGE!!65 to 74 years"
"CP05_2009_015E","2009 Estimate!!SEX AND AGE!!75 to 84 years"
"CP05_2009_016E","2009 Estimate!!SEX AND AGE!!85 years and over"
"CP05_2009_017E","2009 Estimate!!SEX AND AGE!!Median age (years)"
"CP05_2009_018E","2009 Estimate!!SEX AND AGE!!18 years and over"
"CP05_2009_019E","2009 Estimate!!SEX AND AGE!!21 years and over"
"CP05_2009_020E","2009 Estimate!!SEX AND AGE!!62 years and over"
"CP05_2009_021E","2009 Estimate!!SEX AND AGE!!65 years and over"
"CP05_2009_022E","2009 Estimate!!SEX AND AGE!!18 years and over"
"CP05_2009_023E","2009 Estimate!!SEX AND AGE!!18 years and over!!Male"
"CP05_2009_024E","2009 Estimate!!SEX AND AGE!!18 years and over!!Female"
"CP05_2009_025E","2009 Estimate!!SEX AND AGE!!65 years and over"
"CP05_2009_026E","2009 Estimate!!SEX AND AGE!!65 years and over!!Male"
"CP05_2009_027E","2009 Estimate!!SEX AND AGE!!65 years and over!!Female"
"CP05_2009_028E","2009 Estimate!!RACE!!Total population"
"CP05_2009_029E","2009 Estimate!!RACE!!Total population!!One race"
"CP05_2009_030E","2009 Estimate!!RACE!!Total population!!Two or more races"
"CP05_2009_031E","2009 Estimate!!RACE!!One race"
"CP05_2009_032E","2009 Estimate!!RACE!!One race!!White"
"CP05_2009_033E","2009 Estimate!!RACE!!One race!!Black or African American"
"CP05_2009_034E","2009 Estimate!!RACE!!One race!!American Indian and Alaska Native"
"CP05_2009_035E","2009 Estimate!!RACE!!One race!!American Indian and Alaska Native!!Cherokee tribal grouping"
"CP05_2009_036E","2009 Estimate!!RACE!!One race!!American Indian and Alaska Native!!Chippewa tribal grouping"
"CP05_2009_037E","2009 Estimate!!RACE!!One race!!American Indian and Alaska Native!!Navajo tribal grouping"
"CP05_2009_038E","2009 Estimate!!RACE!!One race!!American Indian and Alaska Native!!Sioux tribal grouping"
"CP05_2009_039E","2009 Estimate!!RACE!!One race!!Asian"
"CP05_2009_040E","2009 Estimate!!RACE!!One race!!Asian!!Asian Indian"
"CP05_2009_041E","2009 Estimate!!RACE!!One race!!Asian!!Chinese"
"CP05_2009_042E","2009 Estimate!!RACE!!One race!!Asian!!Filipino"
"CP05_2009_043E","2009 Estimate!!RACE!!One race!!Asian!!Japanese"
"CP05_2009_044E","2009 Estimate!!RACE!!One race!!Asian!!Korean"
"CP05_2009_045E","2009 Estimate!!RACE!!One race!!Asian!!Vietnamese"
"CP05_2009_046E","2009 Estimate!!RACE!!One race!!Asian!!Other Asian"
"CP05_2009_047E","2009 Estimate!!RACE!!One race!!Native Hawaiian and Other Pacific Islander"
"CP05_2009_048E","2009 Estimate!!RACE!!One race!!Native Hawaiian and Other Pacific Islander!!Native Hawaiian"
"CP05_2009_049E","2009 Estimate!!RACE!!One race!!Native Hawaiian and Other Pacific Islander!!Guamanian or Chamorro"
"CP05_2009_050E","2009 Estimate!!RACE!!One race!!Native Hawaiian and Other Pacific Islander!!Samoan"
"CP05_2009_051E","2009 Estimate!!RACE!!One race!!Native Hawaiian and Other Pacific Islander!!Other Pacific Islander"
"CP05_2009_052E","2009 Estimate!!RACE!!One race!!Some other race"
"CP05_2009_053E","2009 Estimate!!RACE!!Two or more races"
"CP05_2009_054E","2009 Estimate!!RACE!!Two or more races!!White and Black or African American"
"CP05_2009_055E","2009 Estimate!!RACE!!Two or more races!!White and American Indian and Alaska Native"
"CP05_2009_056E","2009 Estimate!!RACE!!Two or more races!!White and Asian"
"CP05_2009_057E","2009 Estimate!!RACE!!Two or more races!!Black or African American and American Indian and Alaska Native"
"CP05_2009_058E","2009 Estimate!!RACE!!Race alone or in combination with one or more other races!!Total population"
"CP05_2009_059E","2009 Estimate!!RACE!!Race alone or in combination with one or more other races!!Total population!!White"
"CP05_2009_060E","2009 Estimate!!RACE!!Race alone or in combination with one or more other races!!Total population!!Black or African American"
"CP05_2009_061E","2009 Estimate!!RACE!!Race alone or in combination with one or more other races!!Total population!!American Indian and Alaska Native"
"CP05_2009_062E","2009 Estimate!!RACE!!Race alone or in combination with one or more other races!!Total population!!Asian"
"CP05_2009_063E","2009 Estimate!!RACE!!Race alone or in combination with one or more other races!!Total population!!Native Hawaiian and Other Pacific Islander"
"CP05_2009_064E","2009 Estimate!!RACE!!Race alone or in combination with one or more other races!!Total population!!Some other race"
"CP05_2009_065E","2009 Estimate!!HISPANIC OR LATINO AND RACE!!Total population"
"CP05_2009_066E","2009 Estimate!!HISPANIC OR LATINO AND RACE!!Total population!!Hispanic or Latino (of any race)"
"CP05_2009_067E","2009 Estimate!!HISPANIC OR LATINO AND RACE!!Total population!!Hispanic or Latino (of any race)!!Mexican"
"CP05_2009_068E","2009 Estimate!!HISPANIC OR LATINO AND RACE!!Total population!!Hispanic or Latino (of any race)!!Puerto Rican"
"CP05_2009_069E","2009 Estimate!!HISPANIC OR LATINO AND RACE!!Total population!!Hispanic or Latino (of any race)!!Cuban"
"CP05_2009_070E","2009 Estimate!!HISPANIC OR LATINO AND RACE!!Total population!!Hispanic or Latino (of any race)!!Other Hispanic or Latino"
"CP05_2009_071E","2009 Estimate!!HISPANIC OR LATINO AND RACE!!Total population!!Not Hispanic or Latino"
"CP05_2009_072E","2009 Estimate!!HISPANIC OR LATINO AND RACE!!Total population!!Not Hispanic or Latino!!White alone"
"CP05_2009_073E","2009 Estimate!!HISPANIC OR LATINO AND RACE!!Total population!!Not Hispanic or Latino!!Black or African American alone"
"CP05_2009_074E","2009 Estimate!!HISPANIC OR LATINO AND RACE!!Total population!!Not Hispanic or Latino!!American Indian and Alaska Native alone"
"CP05_2009_075E","2009 Estimate!!HISPANIC OR LATINO AND RACE!!Total population!!Not Hispanic or Latino!!Asian alone"
"CP05_2009_076E","2009 Estimate!!HISPANIC OR LATINO AND RACE!!Total population!!Not Hispanic or Latino!!Native Hawaiian and Other Pacific Islander alone"
"CP05_2009_077E","2009 Estimate!!HISPANIC OR LATINO AND RACE!!Total population!!Not Hispanic or Latino!!Some other race alone"
"CP05_2009_078E","2009 Estimate!!HISPANIC OR LATINO AND RACE!!Total population!!Not Hispanic or Latino!!Two or more races"
"CP05_2009_079E","2009 Estimate!!HISPANIC OR LATINO AND RACE!!Total population!!Not Hispanic or Latino!!Two or more races!!Two races including Some other race"
"CP05_2009_080E","2009 Estimate!!HISPANIC OR LATINO AND RACE!!Total population!!Not Hispanic or Latino!!Two or more races!!Two races excluding Some other race, and Three or more races"
"CP05_2009_081E","2009 Estimate!!HISPANIC OR LATINO AND RACE!!Total housing units"
"CP05_2010_001E","2010 Estimate!!SEX AND AGE!!Total population"
"CP05_2010_002E","2010 Estimate!!SEX AND AGE!!Total population!!Male"
"CP05_2010_003E","2010 Estimate!!SEX AND AGE!!Total population!!Female"
"CP05_2010_004E","2010 Estimate!!SEX AND AGE!!Under 5 years"
"CP05_2010_005E","2010 Estimate!!SEX AND AGE!!5 to 9 years"
"CP05_2010_006E","2010 Estimate!!SEX AND AGE!!10 to 14 years"
"CP05_2010_007E","2010 Estimate!!SEX AND AGE!!15 to 19 years"
"CP05_2010_008E","2010 Estimate!!SEX AND AGE!!20 to 24 years"
"CP05_2010_009E","2010 Estimate!!SEX AND AGE!!25 to 34 years"
"CP05_2010_010E","2010 Estimate!!SEX AND AGE!!35 to 44 years"
"CP05_2010_011E","2010 Estimate!!SEX AND AGE!!45 to 54 years"
"CP05_2010_012E","2010 Estimate!!SEX AND AGE!!55 to 59 years"
"CP05_2010_013E","2010 Estimate!!SEX AND AGE!!60 to 64 years"
"CP05_2010_014E","2010 Estimate!!SEX AND AGE!!65 to 74 years"
"CP05_2010_015E","2010 Estimate!!SEX AND AGE!!75 to 84 years"
"CP05_2010_016E","2010 Estimate!!SEX AND AGE!!85 years and over"
"CP05_2010_017E","2010 Estimate!!SEX AND AGE!!Median age (years)"
"CP05_2010_018E","2010 Estimate!!SEX AND AGE!!18 years and over"
"CP05_2010_019E","2010 Estimate!!SEX AND AGE!!21 years and over"
"CP05_2010_020E","2010 Estimate!!SEX AND AGE!!62 years and over"
"CP05_2010_021E","2010 Estimate!!SEX AND AGE!!65 years and over"
"CP05_2010_022E","2010 Estimate!!SEX AND AGE!!18 years and over"
"CP05_2010_023E","2010 Estimate!!SEX AND AGE!!18 years and over!!Male"
"CP05_2010_024E","2010 Estimate!!SEX AND AGE!!18 years and over!!Female"
"CP05_2010_025E","2010 Estimate!!SEX AND AGE!!65 years and over"
"CP05_2010_026E","2010 Estimate!!SEX AND AGE!!65 years and over!!Male"
"CP05_2010_027E","2010 Estimate!!SEX AND AGE!!65 years and over!!Female"
"CP05_2010_028E","2010 Estimate!!RACE!!Total population"
"CP05_2010_029E","2010 Estimate!!RACE!!Total population!!One race"
"CP05_2010_030E","2010 Estimate!!RACE!!Total population!!Two or more races"
"CP05_2010_031E","2010 Estimate!!RACE!!One race"
"CP05_2010_032E","2010 Estimate!!RACE!!One race!!White"
"CP05_2010_033E","2010 Estimate!!RACE!!One race!!Black or African American"
"CP05_2010_034E","2010 Estimate!!RACE!!One race!!American Indian and Alaska Native"
"CP05_2010_035E","2010 Estimate!!RACE!!One race!!American Indian and Alaska Native!!Cherokee tribal grouping"
"CP05_2010_036E","2010 Estimate!!RACE!!One race!!American Indian and Alaska Native!!Chippewa tribal grouping"
"CP05_2010_037E","2010 Estimate!!RACE!!One race!!American Indian and Alaska Native!!Navajo tribal grouping"
"CP05_2010_038E","2010 Estimate!!RACE!!One race!!American Indian and Alaska Native!!Sioux tribal grouping"
"CP05_2010_039E","2010 Estimate!!RACE!!One race!!Asian"
"CP05_2010_040E","2010 Estimate!!RACE!!One race!!Asian!!Asian Indian"
"CP05_2010_041E","2010 Estimate!!RACE!!One race!!Asian!!Chinese"
"CP05_2010_042E","2010 Estimate!!RACE!!One race!!Asian!!Filipino"
"CP05_2010_043E","2010 Estimate!!RACE!!One race!!Asian!!Japanese"
"CP05_2010_044E","2010 Estimate!!RACE!!One race!!Asian!!Korean"
"CP05_2010_045E","2010 Estimate!!RACE!!One race!!Asian!!Vietnamese"
"CP05_2010_046E","2010 Estimate!!RACE!!One race!!Asian!!Other Asian"
"CP05_2010_047E","2010 Estimate!!RACE!!One race!!Native Hawaiian and Other Pacific Islander"
"CP05_2010_048E","2010 Estimate!!RACE!!One race!!Native Hawaiian and Other Pacific Islander!!Native Hawaiian"
"CP05_2010_049E","2010 Estimate!!RACE!!One race!!Native Hawaiian and Other Pacific Islander!!Guamanian or Chamorro"
"CP05_2010_050E","2010 Estimate!!RACE!!One race!!Native Hawaiian and Other Pacific Islander!!Samoan"
"CP05_2010_051E","2010 Estimate!!RACE!!One race!!Native Hawaiian and Other Pacific Islander!!Other Pacific Islander"
"CP05_2010_052E","2010 Estimate!!RACE!!One race!!Some other race"
"CP05_2010_053E","2010 Estimate!!RACE!!Two or more races"
"CP05_2010_054E","2010 Estimate!!RACE!!Two or more races!!White and Black or African American"
"CP05_2010_055E","2010 Estimate!!RACE!!Two or more races!!White and American Indian and Alaska Native"
"CP05_2010_056E","2010 Estimate!!RACE!!Two or more races!!White and Asian"
"CP05_2010_057E","2010 Estimate!!RACE!!Two or more races!!Black or African American and American Indian and Alaska Native"
"CP05_2010_058E","2010 Estimate!!RACE!!Race alone or in combination with one or more other races!!Total population"
"CP05_2010_059E","2010 Estimate!!RACE!!Race alone or in combination with one or more other races!!Total population!!White"
"CP05_2010_060E","2010 Estimate!!RACE!!Race alone or in combination with one or more other races!!Total population!!Black or African American"
"CP05_2010_061E","2010 Estimate!!RACE!!Race alone or in combination with one or more other races!!Total population!!American Indian and Alaska Native"
"CP05_2010_062E","2010 Estimate!!RACE!!Race alone or in combination with one or more other races!!Total population!!Asian"
"CP05_2010_063E","2010 Estimate!!RACE!!Race alone or in combination with one or more other races!!Total population!!Native Hawaiian and Other Pacific Islander"
"CP05_2010_064E","2010 Estimate!!RACE!!Race alone or in combination with one or more other races!!Total population!!Some other race"
"CP05_2010_065E","2010 Estimate!!HISPANIC OR LATINO AND RACE!!Total population"
"CP05_2010_066E","2010 Estimate!!HISPANIC OR LATINO AND RACE!!Total population!!Hispanic or Latino (of any race)"
"CP05_2010_067E","2010 Estimate!!HISPANIC OR LATINO AND RACE!!Total population!!Hispanic or Latino (of any race)!!Mexican"
"CP05_2010_068E","2010 Estimate!!HISPANIC OR LATINO AND RACE!!Total population!!Hispanic or Latino (of any race)!!Puerto Rican"
"CP05_2010_069E","2010 Estimate!!HISPANIC OR LATINO AND RACE!!Total population!!Hispanic or Latino (of any race)!!Cuban"
"CP05_2010_070E","2010 Estimate!!HISPANIC OR LATINO AND RACE!!Total population!!Hispanic or Latino (of any race)!!Other Hispanic or Latino"
"CP05_2010_071E","2010 Estimate!!HISPANIC OR LATINO AND RACE!!Total population!!Not Hispanic or Latino"
"CP05_2010_072E","2010 Estimate!!HISPANIC OR LATINO AND RACE!!Total population!!Not Hispanic or Latino!!White alone"
"CP05_2010_073E","2010 Estimate!!HISPANIC OR LATINO AND RACE!!Total population!!Not Hispanic or Latino!!Black or African American alone"
"CP05_2010_074E","2010 Estimate!!HISPANIC OR LATINO AND RACE!!Total population!!Not Hispanic or Latino!!American Indian and Alaska Native alone"
"CP05_2010_075E","2010 Estimate!!HISPANIC OR LATINO AND RACE!!Total population!!Not Hispanic or Latino!!Asian alone"
"CP05_2010_076E","2010 Estimate!!HISPANIC OR LATINO AND RACE!!Total population!!Not Hispanic or Latino!!Native Hawaiian and Other Pacific Islander alone"
"CP05_2010_077E","2010 Estimate!!HISPANIC OR LATINO AND RACE!!Total population!!Not Hispanic or Latino!!Some other race alone"
"CP05_2010_078E","2010 Estimate!!HISPANIC OR LATINO AND RACE!!Total population!!Not Hispanic or Latino!!Two or more races"
"CP05_2010_079E","2010 Estimate!!HISPANIC OR LATINO AND RACE!!Total population!!Not Hispanic or Latino!!Two or more races!!Two races including Some other race"
"CP05_2010_080E","2010 Estimate!!HISPANIC OR LATINO AND RACE!!Total population!!Not Hispanic or Latino!!Two or more races!!Two races excluding Some other race, and Three or more races"
"CP05_2010_081E","2010 Estimate!!HISPANIC OR LATINO AND RACE!!Total housing units"
"CP05_2011_001E","2011 Estimate!!SEX AND AGE!!Total population"
"CP05_2011_002E","2011 Estimate!!SEX AND AGE!!Total population!!Male"
"CP05_2011_003E","2011 Estimate!!SEX AND AGE!!Total population!!Female"
"CP05_2011_004E","2011 Estimate!!SEX AND AGE!!Under 5 years"
"CP05_2011_005E","2011 Estimate!!SEX AND AGE!!5 to 9 years"
"CP05_2011_006E","2011 Estimate!!SEX AND AGE!!10 to 14 years"
"CP05_2011_007E","2011 Estimate!!SEX AND AGE!!15 to 19 years"
"CP05_2011_008E","2011 Estimate!!SEX AND AGE!!20 to 24 years"
"CP05_2011_009E","2011 Estimate!!SEX AND AGE!!25 to 34 years"
"CP05_2011_010E","2011 Estimate!!SEX AND AGE!!35 to 44 years"
"CP05_2011_011E","2011 Estimate!!SEX AND AGE!!45 to 54 years"
"CP05_2011_012E","2011 Estimate!!SEX AND AGE!!55 to 59 years"
"CP05_2011_013E","2011 Estimate!!SEX AND AGE!!60 to 64 years"
"CP05_2011_014E","2011 Estimate!!SEX AND AGE!!65 to 74 years"
"CP05_2011_015E","2011 Estimate!!SEX AND AGE!!75 to 84 years"
"CP05_2011_016E","2011 Estimate!!SEX AND AGE!!85 years and over"
"CP05_2011_017E","2011 Estimate!!SEX AND AGE!!Median age (years)"
"CP05_2011_018E","2011 Estimate!!SEX AND AGE!!18 years and over"
"CP05_2011_019E","2011 Estimate!!SEX AND AGE!!21 years and over"
"CP05_2011_020E","2011 Estimate!!SEX AND AGE!!62 years and over"
"CP05_2011_021E","2011 Estimate!!SEX AND AGE!!65 years and over"
"CP05_2011_022E","2011 Estimate!!SEX AND AGE!!18 years and over"
"CP05_2011_023E","2011 Estimate!!SEX AND AGE!!18 years and over!!Male"
"CP05_2011_024E","2011 Estimate!!SEX AND AGE!!18 years and over!!Female"
"CP05_2011_025E","2011 Estimate!!SEX AND AGE!!65 years and over"
"CP05_2011_026E","2011 Estimate!!SEX AND AGE!!65 years and over!!Male"
"CP05_2011_027E","2011 Estimate!!SEX AND AGE!!65 years and over!!Female"
"CP05_2011_028E","2011 Estimate!!RACE!!Total population"
"CP05_2011_029E","2011 Estimate!!RACE!!Total population!!One race"
"CP05_2011_030E","2011 Estimate!!RACE!!Total population!!Two or more races"
"CP05_2011_031E","2011 Estimate!!RACE!!One race"
"CP05_2011_032E","2011 Estimate!!RACE!!One race!!White"
"CP05_2011_033E","2011 Estimate!!RACE!!One race!!Black or African American"
"CP05_2011_034E","2011 Estimate!!RACE!!One race!!American Indian and Alaska Native"
"CP05_2011_035E","2011 Estimate!!RACE!!One race!!American Indian and Alaska Native!!Cherokee tribal grouping"
"CP05_2011_036E","2011 Estimate!!RACE!!One race!!American Indian and Alaska Native!!Chippewa tribal grouping"
"CP05_2011_037E","2011 Estimate!!RACE!!One race!!American Indian and Alaska Native!!Navajo tribal grouping"
"CP05_2011_038E","2011 Estimate!!RACE!!One race!!American Indian and Alaska Native!!Sioux tribal grouping"
"CP05_2011_039E","2011 Estimate!!RACE!!One race!!Asian"
"CP05_2011_040E","2011 Estimate!!RACE!!One race!!Asian!!Asian Indian"
"CP05_2011_041E","2011 Estimate!!RACE!!One race!!Asian!!Chinese"
"CP05_2011_042E","2011 Estimate!!RACE!!One race!!Asian!!Filipino"
"CP05_2011_043E","2011 Estimate!!RACE!!One race!!Asian!!Japanese"
"CP05_2011_044E","2011 Estimate!!RACE!!One race!!Asian!!Korean"
"CP05_2011_045E","2011 Estimate!!RACE!!One race!!Asian!!Vietnamese"
"CP05_2011_046E","2011 Estimate!!RACE!!One race!!Asian!!Other Asian"
"CP05_2011_047E","2011 Estimate!!RACE!!One race!!Native Hawaiian and Other Pacific Islander"
"CP05_2011_048E","2011 Estimate!!RACE!!One race!!Native Hawaiian and Other Pacific Islander!!Native Hawaiian"
"CP05_2011_049E","2011 Estimate!!RACE!!One race!!Native Hawaiian and Other Pacific Islander!!Guamanian or Chamorro"
"CP05_2011_050E","2011 Estimate!!RACE!!One race!!Native Hawaiian and Other Pacific Islander!!Samoan"
"CP05_2011_051E","2011 Estimate!!RACE!!One race!!Native Hawaiian and Other Pacific Islander!!Other Pacific Islander"
"CP05_2011_052E","2011 Estimate!!RACE!!One race!!Some other race"
"CP05_2011_053E","2011 Estimate!!RACE!!Two or more races"
"CP05_2011_054E","2011 Estimate!!RACE!!Two or more races!!White and Black or African American"
"CP05_2011_055E","2011 Estimate!!RACE!!Two or more races!!White and American Indian and Alaska Native"
"CP05_2011_056E","2011 Estimate!!RACE!!Two or more races!!White and Asian"
"CP05_2011_057E","2011 Estimate!!RACE!!Two or more races!!Black or African American and American Indian and Alaska Native"
"CP05_2011_058E","2011 Estimate!!RACE!!Race alone or in combination with one or more other races!!Total population"
"CP05_2011_059E","2011 Estimate!!RACE!!Race alone or in combination with one or more other races!!Total population!!White"
"CP05_2011_060E","2011 Estimate!!RACE!!Race alone or in combination with one or more other races!!Total population!!Black or African American"
"CP05_2011_061E","2011 Estimate!!RACE!!Race alone or in combination with one or more other races!!Total population!!American Indian and Alaska Native"
"CP05_2011_062E","2011 Estimate!!RACE!!Race alone or in combination with one or more other races!!Total population!!Asian"
"CP05_2011_063E","2011 Estimate!!RACE!!Race alone or in combination with one or more other races!!Total population!!Native Hawaiian and Other Pacific Islander"
"CP05_2011_064E","2011 Estimate!!RACE!!Race alone or in combination with one or more other races!!Total population!!Some other race"
"CP05_2011_065E","2011 Estimate!!HISPANIC OR LATINO AND RACE!!Total population"
"CP05_2011_066E","2011 Estimate!!HISPANIC OR LATINO AND RACE!!Total population!!Hispanic or Latino (of any race)"
"CP05_2011_067E","2011 Estimate!!HISPANIC OR LATINO AND RACE!!Total population!!Hispanic or Latino (of any race)!!Mexican"
"CP05_2011_068E","2011 Estimate!!HISPANIC OR LATINO AND RACE!!Total population!!Hispanic or Latino (of any race)!!Puerto Rican"
"CP05_2011_069E","2011 Estimate!!HISPANIC OR LATINO AND RACE!!Total population!!Hispanic or Latino (of any race)!!Cuban"
"CP05_2011_070E","2011 Estimate!!HISPANIC OR LATINO AND RACE!!Total population!!Hispanic or Latino (of any race)!!Other Hispanic or Latino"
"CP05_2011_071E","2011 Estimate!!HISPANIC OR LATINO AND RACE!!Total population!!Not Hispanic or Latino"
"CP05_2011_072E","2011 Estimate!!HISPANIC OR LATINO AND RACE!!Total population!!Not Hispanic or Latino!!White alone"
"CP05_2011_073E","2011 Estimate!!HISPANIC OR LATINO AND RACE!!Total population!!Not Hispanic or Latino!!Black or African American alone"
"CP05_2011_074E","2011 Estimate!!HISPANIC OR LATINO AND RACE!!Total population!!Not Hispanic or Latino!!American Indian and Alaska Native alone"
"CP05_2011_075E","2011 Estimate!!HISPANIC OR LATINO AND RACE!!Total population!!Not Hispanic or Latino!!Asian alone"
"CP05_2011_076E","2011 Estimate!!HISPANIC OR LATINO AND RACE!!Total population!!Not Hispanic or Latino!!Native Hawaiian and Other Pacific Islander alone"
"CP05_2011_077E","2011 Estimate!!HISPANIC OR LATINO AND RACE!!Total population!!Not Hispanic or Latino!!Some other race alone"
"CP05_2011_078E","2011 Estimate!!HISPANIC OR LATINO AND RACE!!Total population!!Not Hispanic or Latino!!Two or more races"
"CP05_2011_079E","2011 Estimate!!HISPANIC OR LATINO AND RACE!!Total population!!Not Hispanic or Latino!!Two or more races!!Two races including Some other race"
"CP05_2011_080E","2011 Estimate!!HISPANIC OR LATINO AND RACE!!Total population!!Not Hispanic or Latino!!Two or more races!!Two races excluding Some other race, and Three or more races"
"CP05_2011_081E","2011 Estimate!!HISPANIC OR LATINO AND RACE!!Total housing units"
"CP05_2012_001E","2012 Estimate!!SEX AND AGE!!Total population"
"CP05_2012_002E","2012 Estimate!!SEX AND AGE!!Total population!!Male"
"CP05_2012_003E","2012 Estimate!!SEX AND AGE!!Total population!!Female"
"CP05_2012_004E","2012 Estimate!!SEX AND AGE!!Under 5 years"
"CP05_2012_005E","2012 Estimate!!SEX AND AGE!!5 to 9 years"
"CP05_2012_006E","2012 Estimate!!SEX AND AGE!!10 to 14 years"
"CP05_2012_007E","2012 Estimate!!SEX AND AGE!!15 to 19 years"
"CP05_2012_008E","2012 Estimate!!SEX AND AGE!!20 to 24 years"
"CP05_2012_009E","2012 Estimate!!SEX AND AGE!!25 to 34 years"
"CP05_2012_010E","2012 Estimate!!SEX AND AGE!!35 to 44 years"
"CP05_2012_011E","2012 Estimate!!SEX AND AGE!!45 to 54 years"
"CP05_2012_012E","2012 Estimate!!SEX AND AGE!!55 to 59 years"
"CP05_2012_013E","2012 Estimate!!SEX AND AGE!!60 to 64 years"
"CP05_2012_014E","2012 Estimate!!SEX AND AGE!!65 to 74 years"
"CP05_2012_015E","2012 Estimate!!SEX AND AGE!!75 to 84 years"
"CP05_2012_016E","2012 Estimate!!SEX AND AGE!!85 years and over"
"CP05_2012_017E","2012 Estimate!!SEX AND AGE!!Median age (years)"
"CP05_2012_018E","2012 Estimate!!SEX AND AGE!!18 years and over"
"CP05_2012_019E","2012 Estimate!!SEX AND AGE!!21 years and over"
"CP05_2012_020E","2012 Estimate!!SEX AND AGE!!62 years and over"
"CP05_2012_021E","2012 Estimate!!SEX AND AGE!!65 years and over"
"CP05_2012_022E","2012 Estimate!!SEX AND AGE!!18 years and over"
"CP05_2012_023E","2012 Estimate!!SEX AND AGE!!18 years and over!!Male"
"CP05_2012_024E","2012 Estimate!!SEX AND AGE!!18 years and over!!Female"
"CP05_2012_025E","2012 Estimate!!SEX AND AGE!!65 years and over"
"CP05_2012_026E","2012 Estimate!!SEX AND AGE!!65 years and over!!Male"
"CP05_2012_027E","2012 Estimate!!SEX AND AGE!!65 years and over!!Female"
"CP05_2012_028E","2012 Estimate!!RACE!!Total population"
"CP05_2012_029E","2012 Estimate!!RACE!!Total population!!One race"
"CP05_2012_030E","2012 Estimate!!RACE!!Total population!!Two or more races"
"CP05_2012_031E","2012 Estimate!!RACE!!One race"
"CP05_2012_032E","2012 Estimate!!RACE!!One race!!White"
"CP05_2012_033E","2012 Estimate!!RACE!!One race!!Black or African American"
"CP05_2012_034E","2012 Estimate!!RACE!!One race!!American Indian and Alaska Native"
"CP05_2012_035E","2012 Estimate!!RACE!!One race!!American Indian and Alaska Native!!Cherokee tribal grouping"
"CP05_2012_036E","2012 Estimate!!RACE!!One race!!American Indian and Alaska Native!!Chippewa tribal grouping"
"CP05_2012_037E","2012 Estimate!!RACE!!One race!!American Indian and Alaska Native!!Navajo tribal grouping"
"CP05_2012_038E","2012 Estimate!!RACE!!One race!!American Indian and Alaska Native!!Sioux tribal grouping"
"CP05_2012_039E","2012 Estimate!!RACE!!One race!!Asian"
"CP05_2012_040E","2012 Estimate!!RACE!!One race!!Asian!!Asian Indian"
"CP05_2012_041E","2012 Estimate!!RACE!!One race!!Asian!!Chinese"
"CP05_2012_042E","2012 Estimate!!RACE!!One race!!Asian!!Filipino"
"CP05_2012_043E","2012 Estimate!!RACE!!One race!!Asian!!Japanese"
"CP05_2012_044E","2012 Estimate!!RACE!!One race!!Asian!!Korean"
"CP05_2012_045E","2012 Estimate!!RACE!!One race!!Asian!!Vietnamese"
"CP05_2012_046E","2012 Estimate!!RACE!!One race!!Asian!!Other Asian"
"CP05_2012_047E","2012 Estimate!!RACE!!One race!!Native Hawaiian and Other Pacific Islander"
"CP05_2012_048E","2012 Estimate!!RACE!!One race!!Native Hawaiian and Other Pacific Islander!!Native Hawaiian"
"CP05_2012_049E","2012 Estimate!!RACE!!One race!!Native Hawaiian and Other Pacific Islander!!Guamanian or Chamorro"
"CP05_2012_050E","2012 Estimate!!RACE!!One race!!Native Hawaiian and Other Pacific Islander!!Samoan"
"CP05_2012_051E","2012 Estimate!!RACE!!One race!!Native Hawaiian and Other Pacific Islander!!Other Pacific Islander"
"CP05_2012_052E","2012 Estimate!!RACE!!One race!!Some other race"
"CP05_2012_053E","2012 Estimate!!RACE!!Two or more races"
"CP05_2012_054E","2012 Estimate!!RACE!!Two or more races!!White and Black or African American"
"CP05_2012_055E","2012 Estimate!!RACE!!Two or more races!!White and American Indian and Alaska Native"
"CP05_2012_056E","2012 Estimate!!RACE!!Two or more races!!White and Asian"
"CP05_2012_057E","2012 Estimate!!RACE!!Two or more races!!Black or African American and American Indian and Alaska Native"
"CP05_2012_058E","2012 Estimate!!RACE!!Race alone or in combination with one or more other races!!Total population"
"CP05_2012_059E","2012 Estimate!!RACE!!Race alone or in combination with one or more other races!!Total population!!White"
"CP05_2012_060E","2012 Estimate!!RACE!!Race alone or in combination with one or more other races!!Total population!!Black or African American"
"CP05_2012_061E","2012 Estimate!!RACE!!Race alone or in combination with one or more other races!!Total population!!American Indian and Alaska Native"
"CP05_2012_062E","2012 Estimate!!RACE!!Race alone or in combination with one or more other races!!Total population!!Asian"
"CP05_2012_063E","2012 Estimate!!RACE!!Race alone or in combination with one or more other races!!Total population!!Native Hawaiian and Other Pacific Islander"
"CP05_2012_064E","2012 Estimate!!RACE!!Race alone or in combination with one or more other races!!Total population!!Some other race"
"CP05_2012_065E","2012 Estimate!!HISPANIC OR LATINO AND RACE!!Total population"
"CP05_2012_066E","2012 Estimate!!HISPANIC OR LATINO AND RACE!!Total population!!Hispanic or Latino (of any race)"
"CP05_2012_067E","2012 Estimate!!HISPANIC OR LATINO AND RACE!!Total population!!Hispanic or Latino (of any race)!!Mexican"
"CP05_2012_068E","2012 Estimate!!HISPANIC OR LATINO AND RACE!!Total population!!Hispanic or Latino (of any race)!!Puerto Rican"
"CP05_2012_069E","2012 Estimate!!HISPANIC OR LATINO AND RACE!!Total population!!Hispanic or Latino (of any race)!!Cuban"
"CP05_2012_070E","2012 Estimate!!HISPANIC OR LATINO AND RACE!!Total population!!Hispanic or Latino (of any race)!!Other Hispanic or Latino"
"CP05_2012_071E","2012 Estimate!!HISPANIC OR LATINO AND RACE!!Total population!!Not Hispanic or Latino"
"CP05_2012_072E","2012 Estimate!!HISPANIC OR LATINO AND RACE!!Total population!!Not Hispanic or Latino!!White alone"
"CP05_2012_073E","2012 Estimate!!HISPANIC OR LATINO AND RACE!!Total population!!Not Hispanic or Latino!!Black or African American alone"
"CP05_2012_074E","2012 Estimate!!HISPANIC OR LATINO AND RACE!!Total population!!Not Hispanic or Latino!!American Indian and Alaska Native alone"
"CP05_2012_075E","2012 Estimate!!HISPANIC OR LATINO AND RACE!!Total population!!Not Hispanic or Latino!!Asian alone"
"CP05_2012_076E","2012 Estimate!!HISPANIC OR LATINO AND RACE!!Total population!!Not Hispanic or Latino!!Native Hawaiian and Other Pacific Islander alone"
"CP05_2012_077E","2012 Estimate!!HISPANIC OR LATINO AND RACE!!Total population!!Not Hispanic or Latino!!Some other race alone"
"CP05_2012_078E","2012 Estimate!!HISPANIC OR LATINO AND RACE!!Total population!!Not Hispanic or Latino!!Two or more races"
"CP05_2012_079E","2012 Estimate!!HISPANIC OR LATINO AND RACE!!Total population!!Not Hispanic or Latino!!Two or more races!!Two races including Some other race"
"CP05_2012_080E","2012 Estimate!!HISPANIC OR LATINO AND RACE!!Total population!!Not Hispanic or Latino!!Two or more races!!Two races excluding Some other race, and Three or more races"
"CP05_2012_081E","2012 Estimate!!HISPANIC OR LATINO AND RACE!!Total housing units"
"CP05_2013_001E","2013 Estimate!!SEX AND AGE!!Total population"
"CP05_2013_002E","2013 Estimate!!SEX AND AGE!!Total population!!Male"
"CP05_2013_003E","2013 Estimate!!SEX AND AGE!!Total population!!Female"
"CP05_2013_004E","2013 Estimate!!SEX AND AGE!!Under 5 years"
"CP05_2013_005E","2013 Estimate!!SEX AND AGE!!5 to 9 years"
"CP05_2013_006E","2013 Estimate!!SEX AND AGE!!10 to 14 years"
"CP05_2013_007E","2013 Estimate!!SEX AND AGE!!15 to 19 years"
"CP05_2013_008E","2013 Estimate!!SEX AND AGE!!20 to 24 years"
"CP05_2013_009E","2013 Estimate!!SEX AND AGE!!25 to 34 years"
"CP05_2013_010E","2013 Estimate!!SEX AND AGE!!35 to 44 years"
"CP05_2013_011E","2013 Estimate!!SEX AND AGE!!45 to 54 years"
"CP05_2013_012E","2013 Estimate!!SEX AND AGE!!55 to 59 years"
"CP05_2013_013E","2013 Estimate!!SEX AND AGE!!60 to 64 years"
"CP05_2013_014E","2013 Estimate!!SEX AND AGE!!65 to 74 years"
"CP05_2013_015E","2013 Estimate!!SEX AND AGE!!75 to 84 years"
"CP05_2013_016E","2013 Estimate!!SEX AND AGE!!85 years and over"
"CP05_2013_017E","2013 Estimate!!SEX AND AGE!!Median age (years)"
"CP05_2013_018E","2013 Estimate!!SEX AND AGE!!18 years and over"
"CP05_2013_019E","2013 Estimate!!SEX AND AGE!!21 years and over"
"CP05_2013_020E","2013 Estimate!!SEX AND AGE!!62 years and over"
"CP05_2013_021E","2013 Estimate!!SEX AND AGE!!65 years and over"
"CP05_2013_022E","2013 Estimate!!SEX AND AGE!!18 years and over"
"CP05_2013_023E","2013 Estimate!!SEX AND AGE!!18 years and over!!Male"
"CP05_2013_024E","2013 Estimate!!SEX AND AGE!!18 years and over!!Female"
"CP05_2013_025E","2013 Estimate!!SEX AND AGE!!65 years and over"
"CP05_2013_026E","2013 Estimate!!SEX AND AGE!!65 years and over!!Male"
"CP05_2013_027E","2013 Estimate!!SEX AND AGE!!65 years and over!!Female"
"CP05_2013_028E","2013 Estimate!!RACE!!Total population"
"CP05_2013_029E","2013 Estimate!!RACE!!Total population!!One race"
"CP05_2013_030E","2013 Estimate!!RACE!!Total population!!Two or more races"
"CP05_2013_031E","2013 Estimate!!RACE!!One race"
"CP05_2013_032E","2013 Estimate!!RACE!!One race!!White"
"CP05_2013_033E","2013 Estimate!!RACE!!One race!!Black or African American"
"CP05_2013_034E","2013 Estimate!!RACE!!One race!!American Indian and Alaska Native"
"CP05_2013_035E","2013 Estimate!!RACE!!One race!!American Indian and Alaska Native!!Cherokee tribal grouping"
"CP05_2013_036E","2013 Estimate!!RACE!!One race!!American Indian and Alaska Native!!Chippewa tribal grouping"
"CP05_2013_037E","2013 Estimate!!RACE!!One race!!American Indian and Alaska Native!!Navajo tribal grouping"
"CP05_2013_038E","2013 Estimate!!RACE!!One race!!American Indian and Alaska Native!!Sioux tribal grouping"
"CP05_2013_039E","2013 Estimate!!RACE!!One race!!Asian"
"CP05_2013_040E","2013 Estimate!!RACE!!One race!!Asian!!Asian Indian"
"CP05_2013_041E","2013 Estimate!!RACE!!One race!!Asian!!Chinese"
"CP05_2013_042E","2013 Estimate!!RACE!!One race!!Asian!!Filipino"
"CP05_2013_043E","2013 Estimate!!RACE!!One race!!Asian!!Japanese"
"CP05_2013_044E","2013 Estimate!!RACE!!One race!!Asian!!Korean"
"CP05_2013_045E","2013 Estimate!!RACE!!One race!!Asian!!Vietnamese"
"CP05_2013_046E","2013 Estimate!!RACE!!One race!!Asian!!Other Asian"
"CP05_2013_047E","2013 Estimate!!RACE!!One race!!Native Hawaiian and Other Pacific Islander"
"CP05_2013_048E","2013 Estimate!!RACE!!One race!!Native Hawaiian and Other Pacific Islander!!Native Hawaiian"
"CP05_2013_049E","2013 Estimate!!RACE!!One race!!Native Hawaiian and Other Pacific Islander!!Guamanian or Chamorro"
"CP05_2013_050E","2013 Estimate!!RACE!!One race!!Native Hawaiian and Other Pacific Islander!!Samoan"
"CP05_2013_051E","2013 Estimate!!RACE!!One race!!Native Hawaiian and Other Pacific Islander!!Other Pacific Islander"
"CP05_2013_052E","2013 Estimate!!RACE!!One race!!Some other race"
"CP05_2013_053E","2013 Estimate!!RACE!!Two or more races"
"CP05_2013_054E","2013 Estimate!!RACE!!Two or more races!!White and Black or African American"
"CP05_2013_055E","2013 Estimate!!RACE!!Two or more races!!White and American Indian and Alaska Native"
"CP05_2013_056E","2013 Estimate!!RACE!!Two or more races!!White and Asian"
"CP05_2013_057E","2013 Estimate!!RACE!!Two or more races!!Black or African American and American Indian and Alaska Native"
"CP05_2013_058E","2013 Estimate!!RACE!!Race alone or in combination with one or more other races!!Total population"
"CP05_2013_059E","2013 Estimate!!RACE!!Race alone or in combination with one or more other races!!Total population!!White"
"CP05_2013_060E","2013 Estimate!!RACE!!Race alone or in combination with one or more other races!!Total population!!Black or African American"
"CP05_2013_061E","2013 Estimate!!RACE!!Race alone or in combination with one or more other races!!Total population!!American Indian and Alaska Native"
"CP05_2013_062E","2013 Estimate!!RACE!!Race alone or in combination with one or more other races!!Total population!!Asian"
"CP05_2013_063E","2013 Estimate!!RACE!!Race alone or in combination with one or more other races!!Total population!!Native Hawaiian and Other Pacific Islander"
"CP05_2013_064E","2013 Estimate!!RACE!!Race alone or in combination with one or more other races!!Total population!!Some other race"
"CP05_2013_065E","2013 Estimate!!HISPANIC OR LATINO AND RACE!!Total population"
"CP05_2013_066E","2013 Estimate!!HISPANIC OR LATINO AND RACE!!Total population!!Hispanic or Latino (of any race)"
"CP05_2013_067E","2013 Estimate!!HISPANIC OR LATINO AND RACE!!Total population!!Hispanic or Latino (of any race)!!Mexican"
"CP05_2013_068E","2013 Estimate!!HISPANIC OR LATINO AND RACE!!Total population!!Hispanic or Latino (of any race)!!Puerto Rican"
"CP05_2013_069E","2013 Estimate!!HISPANIC OR LATINO AND RACE!!Total population!!Hispanic or Latino (of any race)!!Cuban"
"CP05_2013_070E","2013 Estimate!!HISPANIC OR LATINO AND RACE!!Total population!!Hispanic or Latino (of any race)!!Other Hispanic or Latino"
"CP05_2013_071E","2013 Estimate!!HISPANIC OR LATINO AND RACE!!Total population!!Not Hispanic or Latino"
"CP05_2013_072E","2013 Estimate!!HISPANIC OR LATINO AND RACE!!Total population!!Not Hispanic or Latino!!White alone"
"CP05_2013_073E","2013 Estimate!!HISPANIC OR LATINO AND RACE!!Total population!!Not Hispanic or Latino!!Black or African American alone"
"CP05_2013_074E","2013 Estimate!!HISPANIC OR LATINO AND RACE!!Total population!!Not Hispanic or Latino!!American Indian and Alaska Native alone"
"CP05_2013_075E","2013 Estimate!!HISPANIC OR LATINO AND RACE!!Total population!!Not Hispanic or Latino!!Asian alone"
"CP05_2013_076E","2013 Estimate!!HISPANIC OR LATINO AND RACE!!Total population!!Not Hispanic or Latino!!Native Hawaiian and Other Pacific Islander alone"
"CP05_2013_077E","2013 Estimate!!HISPANIC OR LATINO AND RACE!!Total population!!Not Hispanic or Latino!!Some other race alone"
"CP05_2013_078E","2013 Estimate!!HISPANIC OR LATINO AND RACE!!Total population!!Not Hispanic or Latino!!Two or more races"
"CP05_2013_079E","2013 Estimate!!HISPANIC OR LATINO AND RACE!!Total population!!Not Hispanic or Latino!!Two or more races!!Two races including Some other race"
"CP05_2013_080E","2013 Estimate!!HISPANIC OR LATINO AND RACE!!Total population!!Not Hispanic or Latino!!Two or more races!!Two races excluding Some other race, and Three or more races"
"CP05_2013_081E","2013 Estimate!!HISPANIC OR LATINO AND RACE!!Total housing units"
"CP05_2013to2009_001SS","2013 - 2009 Statistical Significance!!SEX AND AGE!!Total population"
"CP05_2013to2009_002SS","2013 - 2009 Statistical Significance!!SEX AND AGE!!Total population!!Male"
"CP05_2013to2009_003SS","2013 - 2009 Statistical Significance!!SEX AND AGE!!Total population!!Female"
"CP05_2013to2009_004SS","2013 - 2009 Statistical Significance!!SEX AND AGE!!Under 5 years"
"CP05_2013to2009_005SS","2013 - 2009 Statistical Significance!!SEX AND AGE!!5 to 9 years"
"CP05_2013to2009_006SS","2013 - 2009 Statistical Significance!!SEX AND AGE!!10 to 14 years"
"CP05_2013to2009_007SS","2013 - 2009 Statistical Significance!!SEX AND AGE!!15 to 19 years"
"CP05_2013to2009_008SS","2013 - 2009 Statistical Significance!!SEX AND AGE!!20 to 24 years"
"CP05_2013to2009_009SS","2013 - 2009 Statistical Significance!!SEX AND AGE!!25 to 34 years"
"CP05_2013to2009_010SS","2013 - 2009 Statistical Significance!!SEX AND AGE!!35 to 44 years"
"CP05_2013to2009_011SS","2013 - 2009 Statistical Significance!!SEX AND AGE!!45 to 54 years"
"CP05_2013to2009_012SS","2013 - 2009 Statistical Significance!!SEX AND AGE!!55 to 59 years"
"CP05_2013to2009_013SS","2013 - 2009 Statistical Significance!!SEX AND AGE!!60 to 64 years"
"CP05_2013to2009_014SS","2013 - 2009 Statistical Significance!!SEX AND AGE!!65 to 74 years"
"CP05_2013to2009_015SS","2013 - 2009 Statistical Significance!!SEX AND AGE!!75 to 84 years"
"CP05_2013to2009_016SS","2013 - 2009 Statistical Significance!!SEX AND AGE!!85 years and over"
"CP05_2013to2009_017SS","2013 - 2009 Statistical Significance!!SEX AND AGE!!Median age (years)"
"CP05_2013to2009_018SS","2013 - 2009 Statistical Significance!!SEX AND AGE!!18 years and over"
"CP05_2013to2009_019SS","2013 - 2009 Statistical Significance!!SEX AND AGE!!21 years and over"
"CP05_2013to2009_020SS","2013 - 2009 Statistical Significance!!SEX AND AGE!!62 years and over"
"CP05_2013to2009_021SS","2013 - 2009 Statistical Significance!!SEX AND AGE!!65 years and over"
"CP05_2013to2009_022SS","2013 - 2009 Statistical Significance!!SEX AND AGE!!18 years and over"
"CP05_2013to2009_023SS","2013 - 2009 Statistical Significance!!SEX AND AGE!!18 years and over!!Male"
"CP05_2013to2009_024SS","2013 - 2009 Statistical Significance!!SEX AND AGE!!18 years and over!!Female"
"CP05_2013to2009_025SS","2013 - 2009 Statistical Significance!!SEX AND AGE!!65 years and over"
"CP05_2013to2009_026SS","2013 - 2009 Statistical Significance!!SEX AND AGE!!65 years and over!!Male"
"CP05_2013to2009_027SS","2013 - 2009 Statistical Significance!!SEX AND AGE!!65 years and over!!Female"
"CP05_2013to2009_028SS","2013 - 2009 Statistical Significance!!RACE!!Total population"
"CP05_2013to2009_029SS","2013 - 2009 Statistical Significance!!RACE!!Total population!!One race"
"CP05_2013to2009_030SS","2013 - 2009 Statistical Significance!!RACE!!Total population!!Two or more races"
"CP05_2013to2009_031SS","2013 - 2009 Statistical Significance!!RACE!!One race"
"CP05_2013to2009_032SS","2013 - 2009 Statistical Significance!!RACE!!One race!!White"
"CP05_2013to2009_033SS","2013 - 2009 Statistical Significance!!RACE!!One race!!Black or African American"
"CP05_2013to2009_034SS","2013 - 2009 Statistical Significance!!RACE!!One race!!American Indian and Alaska Native"
"CP05_2013to2009_035SS","2013 - 2009 Statistical Significance!!RACE!!One race!!American Indian and Alaska Native!!Cherokee tribal grouping"
"CP05_2013to2009_036SS","2013 - 2009 Statistical Significance!!RACE!!One race!!American Indian and Alaska Native!!Chippewa tribal grouping"
"CP05_2013to2009_037SS","2013 - 2009 Statistical Significance!!RACE!!One race!!American Indian and Alaska Native!!Navajo tribal grouping"
"CP05_2013to2009_038SS","2013 - 2009 Statistical Significance!!RACE!!One race!!American Indian and Alaska Native!!Sioux tribal grouping"
"CP05_2013to2009_039SS","2013 - 2009 Statistical Significance!!RACE!!One race!!Asian"
"CP05_2013to2009_040SS","2013 - 2009 Statistical Significance!!RACE!!One race!!Asian!!Asian Indian"
"CP05_2013to2009_041SS","2013 - 2009 Statistical Significance!!RACE!!One race!!Asian!!Chinese"
"CP05_2013to2009_042SS","2013 - 2009 Statistical Significance!!RACE!!One race!!Asian!!Filipino"
"CP05_2013to2009_043SS","2013 - 2009 Statistical Significance!!RACE!!One race!!Asian!!Japanese"
"CP05_2013to2009_044SS","2013 - 2009 Statistical Significance!!RACE!!One race!!Asian!!Korean"
"CP05_2013to2009_045SS","2013 - 2009 Statistical Significance!!RACE!!One race!!Asian!!Vietnamese"
"CP05_2013to2009_046SS","2013 - 2009 Statistical Significance!!RACE!!One race!!Asian!!Other Asian"
"CP05_2013to2009_047SS","2013 - 2009 Statistical Significance!!RACE!!One race!!Native Hawaiian and Other Pacific Islander"
"CP05_2013to2009_048SS","2013 - 2009 Statistical Significance!!RACE!!One race!!Native Hawaiian and Other Pacific Islander!!Native Hawaiian"
"CP05_2013to2009_049SS","2013 - 2009 Statistical Significance!!RACE!!One race!!Native Hawaiian and Other Pacific Islander!!Guamanian or Chamorro"
"CP05_2013to2009_050SS","2013 - 2009 Statistical Significance!!RACE!!One race!!Native Hawaiian and Other Pacific Islander!!Samoan"
"CP05_2013to2009_051SS","2013 - 2009 Statistical Significance!!RACE!!One race!!Native Hawaiian and Other Pacific Islander!!Other Pacific Islander"
"CP05_2013to2009_052SS","2013 - 2009 Statistical Significance!!RACE!!One race!!Some other race"
"CP05_2013to2009_053SS","2013 - 2009 Statistical Significance!!RACE!!Two or more races"
"CP05_2013to2009_054SS","2013 - 2009 Statistical Significance!!RACE!!Two or more races!!White and Black or African American"
"CP05_2013to2009_055SS","2013 - 2009 Statistical Significance!!RACE!!Two or more races!!White and American Indian and Alaska Native"
"CP05_2013to2009_056SS","2013 - 2009 Statistical Significance!!RACE!!Two or more races!!White and Asian"
"CP05_2013to2009_057SS","2013 - 2009 Statistical Significance!!RACE!!Two or more races!!Black or African American and American Indian and Alaska Native"
"CP05_2013to2009_058SS","2013 - 2009 Statistical Significance!!RACE!!Race alone or in combination with one or more other races!!Total population"
"CP05_2013to2009_059SS","2013 - 2009 Statistical Significance!!RACE!!Race alone or in combination with one or more other races!!Total population!!White"
"CP05_2013to2009_060SS","2013 - 2009 Statistical Significance!!RACE!!Race alone or in combination with one or more other races!!Total population!!Black or African American"
"CP05_2013to2009_061SS","2013 - 2009 Statistical Significance!!RACE!!Race alone or in combination with one or more other races!!Total population!!American Indian and Alaska Native"
"CP05_2013to2009_062SS","2013 - 2009 Statistical Significance!!RACE!!Race alone or in combination with one or more other races!!Total population!!Asian"
"CP05_2013to2009_063SS","2013 - 2009 Statistical Significance!!RACE!!Race alone or in combination with one or more other races!!Total population!!Native Hawaiian and Other Pacific Islander"
"CP05_2013to2009_064SS","2013 - 2009 Statistical Significance!!RACE!!Race alone or in combination with one or more other races!!Total population!!Some other race"
"CP05_2013to2009_065SS","2013 - 2009 Statistical Significance!!HISPANIC OR LATINO AND RACE!!Total population"
"CP05_2013to2009_066SS","2013 - 2009 Statistical Significance!!HISPANIC OR LATINO AND RACE!!Total population!!Hispanic or Latino (of any race)"
"CP05_2013to2009_067SS","2013 - 2009 Statistical Significance!!HISPANIC OR LATINO AND RACE!!Total population!!Hispanic or Latino (of any race)!!Mexican"
"CP05_2013to2009_068SS","2013 - 2009 Statistical Significance!!HISPANIC OR LATINO AND RACE!!Total population!!Hispanic or Latino (of any race)!!Puerto Rican"
"CP05_2013to2009_069SS","2013 - 2009 Statistical Significance!!HISPANIC OR LATINO AND RACE!!Total population!!Hispanic or Latino (of any race)!!Cuban"
"CP05_2013to2009_070SS","2013 - 2009 Statistical Significance!!HISPANIC OR LATINO AND RACE!!Total population!!Hispanic or Latino (of any race)!!Other Hispanic or Latino"
"CP05_2013to2009_071SS","2013 - 2009 Statistical Significance!!HISPANIC OR LATINO AND RACE!!Total population!!Not Hispanic or Latino"
"CP05_2013to2009_072SS","2013 - 2009 Statistical Significance!!HISPANIC OR LATINO AND RACE!!Total population!!Not Hispanic or Latino!!White alone"
"CP05_2013to2009_073SS","2013 - 2009 Statistical Significance!!HISPANIC OR LATINO AND RACE!!Total population!!Not Hispanic or Latino!!Black or African American alone"
"CP05_2013to2009_074SS","2013 - 2009 Statistical Significance!!HISPANIC OR LATINO AND RACE!!Total population!!Not Hispanic or Latino!!American Indian and Alaska Native alone"
"CP05_2013to2009_075SS","2013 - 2009 Statistical Significance!!HISPANIC OR LATINO AND RACE!!Total population!!Not Hispanic or Latino!!Asian alone"
"CP05_2013to2009_076SS","2013 - 2009 Statistical Significance!!HISPANIC OR LATINO AND RACE!!Total population!!Not Hispanic or Latino!!Native Hawaiian and Other Pacific Islander alone"
"CP05_2013to2009_077SS","2013 - 2009 Statistical Significance!!HISPANIC OR LATINO AND RACE!!Total population!!Not Hispanic or Latino!!Some other race alone"
"CP05_2013to2009_078SS","2013 - 2009 Statistical Significance!!HISPANIC OR LATINO AND RACE!!Total population!!Not Hispanic or Latino!!Two or more races"
"CP05_2013to2009_079SS","2013 - 2009 Statistical Significance!!HISPANIC OR LATINO AND RACE!!Total population!!Not Hispanic or Latino!!Two or more races!!Two races including Some other race"
"CP05_2013to2009_080SS","2013 - 2009 Statistical Significance!!HISPANIC OR LATINO AND RACE!!Total population!!Not Hispanic or Latino!!Two or more races!!Two races excluding Some other race, and Three or more races"
"CP05_2013to2009_081SS","2013 - 2009 Statistical Significance!!HISPANIC OR LATINO AND RACE!!Total housing units"
"CP05_2013to2010_001SS","2013 - 2010 Statistical Significance!!SEX AND AGE!!Total population"
"CP05_2013to2010_002SS","2013 - 2010 Statistical Significance!!SEX AND AGE!!Total population!!Male"
"CP05_2013to2010_003SS","2013 - 2010 Statistical Significance!!SEX AND AGE!!Total population!!Female"
"CP05_2013to2010_004SS","2013 - 2010 Statistical Significance!!SEX AND AGE!!Under 5 years"
"CP05_2013to2010_005SS","2013 - 2010 Statistical Significance!!SEX AND AGE!!5 to 9 years"
"CP05_2013to2010_006SS","2013 - 2010 Statistical Significance!!SEX AND AGE!!10 to 14 years"
"CP05_2013to2010_007SS","2013 - 2010 Statistical Significance!!SEX AND AGE!!15 to 19 years"
"CP05_2013to2010_008SS","2013 - 2010 Statistical Significance!!SEX AND AGE!!20 to 24 years"
"CP05_2013to2010_009SS","2013 - 2010 Statistical Significance!!SEX AND AGE!!25 to 34 years"
"CP05_2013to2010_010SS","2013 - 2010 Statistical Significance!!SEX AND AGE!!35 to 44 years"
"CP05_2013to2010_011SS","2013 - 2010 Statistical Significance!!SEX AND AGE!!45 to 54 years"
"CP05_2013to2010_012SS","2013 - 2010 Statistical Significance!!SEX AND AGE!!55 to 59 years"
"CP05_2013to2010_013SS","2013 - 2010 Statistical Significance!!SEX AND AGE!!60 to 64 years"
"CP05_2013to2010_014SS","2013 - 2010 Statistical Significance!!SEX AND AGE!!65 to 74 years"
"CP05_2013to2010_015SS","2013 - 2010 Statistical Significance!!SEX AND AGE!!75 to 84 years"
"CP05_2013to2010_016SS","2013 - 2010 Statistical Significance!!SEX AND AGE!!85 years and over"
"CP05_2013to2010_017SS","2013 - 2010 Statistical Significance!!SEX AND AGE!!Median age (years)"
"CP05_2013to2010_018SS","2013 - 2010 Statistical Significance!!SEX AND AGE!!18 years and over"
"CP05_2013to2010_019SS","2013 - 2010 Statistical Significance!!SEX AND AGE!!21 years and over"
"CP05_2013to2010_020SS","2013 - 2010 Statistical Significance!!SEX AND AGE!!62 years and over"
"CP05_2013to2010_021SS","2013 - 2010 Statistical Significance!!SEX AND AGE!!65 years and over"
"CP05_2013to2010_022SS","2013 - 2010 Statistical Significance!!SEX AND AGE!!18 years and over"
"CP05_2013to2010_023SS","2013 - 2010 Statistical Significance!!SEX AND AGE!!18 years and over!!Male"
"CP05_2013to2010_024SS","2013 - 2010 Statistical Significance!!SEX AND AGE!!18 years and over!!Female"
"CP05_2013to2010_025SS","2013 - 2010 Statistical Significance!!SEX AND AGE!!65 years and over"
"CP05_2013to2010_026SS","2013 - 2010 Statistical Significance!!SEX AND AGE!!65 years and over!!Male"
"CP05_2013to2010_027SS","2013 - 2010 Statistical Significance!!SEX AND AGE!!65 years and over!!Female"
"CP05_2013to2010_028SS","2013 - 2010 Statistical Significance!!RACE!!Total population"
"CP05_2013to2010_029SS","2013 - 2010 Statistical Significance!!RACE!!Total population!!One race"
"CP05_2013to2010_030SS","2013 - 2010 Statistical Significance!!RACE!!Total population!!Two or more races"
"CP05_2013to2010_031SS","2013 - 2010 Statistical Significance!!RACE!!One race"
"CP05_2013to2010_032SS","2013 - 2010 Statistical Significance!!RACE!!One race!!White"
"CP05_2013to2010_033SS","2013 - 2010 Statistical Significance!!RACE!!One race!!Black or African American"
"CP05_2013to2010_034SS","2013 - 2010 Statistical Significance!!RACE!!One race!!American Indian and Alaska Native"
"CP05_2013to2010_035SS","2013 - 2010 Statistical Significance!!RACE!!One race!!American Indian and Alaska Native!!Cherokee tribal grouping"
"CP05_2013to2010_036SS","2013 - 2010 Statistical Significance!!RACE!!One race!!American Indian and Alaska Native!!Chippewa tribal grouping"
"CP05_2013to2010_037SS","2013 - 2010 Statistical Significance!!RACE!!One race!!American Indian and Alaska Native!!Navajo tribal grouping"
"CP05_2013to2010_038SS","2013 - 2010 Statistical Significance!!RACE!!One race!!American Indian and Alaska Native!!Sioux tribal grouping"
"CP05_2013to2010_039SS","2013 - 2010 Statistical Significance!!RACE!!One race!!Asian"
"CP05_2013to2010_040SS","2013 - 2010 Statistical Significance!!RACE!!One race!!Asian!!Asian Indian"
"CP05_2013to2010_041SS","2013 - 2010 Statistical Significance!!RACE!!One race!!Asian!!Chinese"
"CP05_2013to2010_042SS","2013 - 2010 Statistical Significance!!RACE!!One race!!Asian!!Filipino"
"CP05_2013to2010_043SS","2013 - 2010 Statistical Significance!!RACE!!One race!!Asian!!Japanese"
"CP05_2013to2010_044SS","2013 - 2010 Statistical Significance!!RACE!!One race!!Asian!!Korean"
"CP05_2013to2010_045SS","2013 - 2010 Statistical Significance!!RACE!!One race!!Asian!!Vietnamese"
"CP05_2013to2010_046SS","2013 - 2010 Statistical Significance!!RACE!!One race!!Asian!!Other Asian"
"CP05_2013to2010_047SS","2013 - 2010 Statistical Significance!!RACE!!One race!!Native Hawaiian and Other Pacific Islander"
"CP05_2013to2010_048SS","2013 - 2010 Statistical Significance!!RACE!!One race!!Native Hawaiian and Other Pacific Islander!!Native Hawaiian"
"CP05_2013to2010_049SS","2013 - 2010 Statistical Significance!!RACE!!One race!!Native Hawaiian and Other Pacific Islander!!Guamanian or Chamorro"
"CP05_2013to2010_050SS","2013 - 2010 Statistical Significance!!RACE!!One race!!Native Hawaiian and Other Pacific Islander!!Samoan"
"CP05_2013to2010_051SS","2013 - 2010 Statistical Significance!!RACE!!One race!!Native Hawaiian and Other Pacific Islander!!Other Pacific Islander"
"CP05_2013to2010_052SS","2013 - 2010 Statistical Significance!!RACE!!One race!!Some other race"
"CP05_2013to2010_053SS","2013 - 2010 Statistical Significance!!RACE!!Two or more races"
"CP05_2013to2010_054SS","2013 - 2010 Statistical Significance!!RACE!!Two or more races!!White and Black or African American"
"CP05_2013to2010_055SS","2013 - 2010 Statistical Significance!!RACE!!Two or more races!!White and American Indian and Alaska Native"
"CP05_2013to2010_056SS","2013 - 2010 Statistical Significance!!RACE!!Two or more races!!White and Asian"
"CP05_2013to2010_057SS","2013 - 2010 Statistical Significance!!RACE!!Two or more races!!Black or African American and American Indian and Alaska Native"
"CP05_2013to2010_058SS","2013 - 2010 Statistical Significance!!RACE!!Race alone or in combination with one or more other races!!Total population"
"CP05_2013to2010_059SS","2013 - 2010 Statistical Significance!!RACE!!Race alone or in combination with one or more other races!!Total population!!White"
"CP05_2013to2010_060SS","2013 - 2010 Statistical Significance!!RACE!!Race alone or in combination with one or more other races!!Total population!!Black or African American"
"CP05_2013to2010_061SS","2013 - 2010 Statistical Significance!!RACE!!Race alone or in combination with one or more other races!!Total population!!American Indian and Alaska Native"
"CP05_2013to2010_062SS","2013 - 2010 Statistical Significance!!RACE!!Race alone or in combination with one or more other races!!Total population!!Asian"
"CP05_2013to2010_063SS","2013 - 2010 Statistical Significance!!RACE!!Race alone or in combination with one or more other races!!Total population!!Native Hawaiian and Other Pacific Islander"
"CP05_2013to2010_064SS","2013 - 2010 Statistical Significance!!RACE!!Race alone or in combination with one or more other races!!Total population!!Some other race"
"CP05_2013to2010_065SS","2013 - 2010 Statistical Significance!!HISPANIC OR LATINO AND RACE!!Total population"
"CP05_2013to2010_066SS","2013 - 2010 Statistical Significance!!HISPANIC OR LATINO AND RACE!!Total population!!Hispanic or Latino (of any race)"
"CP05_2013to2010_067SS","2013 - 2010 Statistical Significance!!HISPANIC OR LATINO AND RACE!!Total population!!Hispanic or Latino (of any race)!!Mexican"
"CP05_2013to2010_068SS","2013 - 2010 Statistical Significance!!HISPANIC OR LATINO AND RACE!!Total population!!Hispanic or Latino (of any race)!!Puerto Rican"
"CP05_2013to2010_069SS","2013 - 2010 Statistical Significance!!HISPANIC OR LATINO AND RACE!!Total population!!Hispanic or Latino (of any race)!!Cuban"
"CP05_2013to2010_070SS","2013 - 2010 Statistical Significance!!HISPANIC OR LATINO AND RACE!!Total population!!Hispanic or Latino (of any race)!!Other Hispanic or Latino"
"CP05_2013to2010_071SS","2013 - 2010 Statistical Significance!!HISPANIC OR LATINO AND RACE!!Total population!!Not Hispanic or Latino"
"CP05_2013to2010_072SS","2013 - 2010 Statistical Significance!!HISPANIC OR LATINO AND RACE!!Total population!!Not Hispanic or Latino!!White alone"
"CP05_2013to2010_073SS","2013 - 2010 Statistical Significance!!HISPANIC OR LATINO AND RACE!!Total population!!Not Hispanic or Latino!!Black or African American alone"
"CP05_2013to2010_074SS","2013 - 2010 Statistical Significance!!HISPANIC OR LATINO AND RACE!!Total population!!Not Hispanic or Latino!!American Indian and Alaska Native alone"
"CP05_2013to2010_075SS","2013 - 2010 Statistical Significance!!HISPANIC OR LATINO AND RACE!!Total population!!Not Hispanic or Latino!!Asian alone"
"CP05_2013to2010_076SS","2013 - 2010 Statistical Significance!!HISPANIC OR LATINO AND RACE!!Total population!!Not Hispanic or Latino!!Native Hawaiian and Other Pacific Islander alone"
"CP05_2013to2010_077SS","2013 - 2010 Statistical Significance!!HISPANIC OR LATINO AND RACE!!Total population!!Not Hispanic or Latino!!Some other race alone"
"CP05_2013to2010_078SS","2013 - 2010 Statistical Significance!!HISPANIC OR LATINO AND RACE!!Total population!!Not Hispanic or Latino!!Two or more races"
"CP05_2013to2010_079SS","2013 - 2010 Statistical Significance!!HISPANIC OR LATINO AND RACE!!Total population!!Not Hispanic or Latino!!Two or more races!!Two races including Some other race"
"CP05_2013to2010_080SS","2013 - 2010 Statistical Significance!!HISPANIC OR LATINO AND RACE!!Total population!!Not Hispanic or Latino!!Two or more races!!Two races excluding Some other race, and Three or more races"
"CP05_2013to2010_081SS","2013 - 2010 Statistical Significance!!HISPANIC OR LATINO AND RACE!!Total housing units"
"CP05_2013to2011_001SS","2013 - 2011 Statistical Significance!!SEX AND AGE!!Total population"
"CP05_2013to2011_002SS","2013 - 2011 Statistical Significance!!SEX AND AGE!!Total population!!Male"
"CP05_2013to2011_003SS","2013 - 2011 Statistical Significance!!SEX AND AGE!!Total population!!Female"
"CP05_2013to2011_004SS","2013 - 2011 Statistical Significance!!SEX AND AGE!!Under 5 years"
"CP05_2013to2011_005SS","2013 - 2011 Statistical Significance!!SEX AND AGE!!5 to 9 years"
"CP05_2013to2011_006SS","2013 - 2011 Statistical Significance!!SEX AND AGE!!10 to 14 years"
"CP05_2013to2011_007SS","2013 - 2011 Statistical Significance!!SEX AND AGE!!15 to 19 years"
"CP05_2013to2011_008SS","2013 - 2011 Statistical Significance!!SEX AND AGE!!20 to 24 years"
"CP05_2013to2011_009SS","2013 - 2011 Statistical Significance!!SEX AND AGE!!25 to 34 years"
"CP05_2013to2011_010SS","2013 - 2011 Statistical Significance!!SEX AND AGE!!35 to 44 years"
"CP05_2013to2011_011SS","2013 - 2011 Statistical Significance!!SEX AND AGE!!45 to 54 years"
"CP05_2013to2011_012SS","2013 - 2011 Statistical Significance!!SEX AND AGE!!55 to 59 years"
"CP05_2013to2011_013SS","2013 - 2011 Statistical Significance!!SEX AND AGE!!60 to 64 years"
"CP05_2013to2011_014SS","2013 - 2011 Statistical Significance!!SEX AND AGE!!65 to 74 years"
"CP05_2013to2011_015SS","2013 - 2011 Statistical Significance!!SEX AND AGE!!75 to 84 years"
"CP05_2013to2011_016SS","2013 - 2011 Statistical Significance!!SEX AND AGE!!85 years and over"
"CP05_2013to2011_017SS","2013 - 2011 Statistical Significance!!SEX AND AGE!!Median age (years)"
"CP05_2013to2011_018SS","2013 - 2011 Statistical Significance!!SEX AND AGE!!18 years and over"
"CP05_2013to2011_019SS","2013 - 2011 Statistical Significance!!SEX AND AGE!!21 years and over"
"CP05_2013to2011_020SS","2013 - 2011 Statistical Significance!!SEX AND AGE!!62 years and over"
"CP05_2013to2011_021SS","2013 - 2011 Statistical Significance!!SEX AND AGE!!65 years and over"
"CP05_2013to2011_022SS","2013 - 2011 Statistical Significance!!SEX AND AGE!!18 years and over"
"CP05_2013to2011_023SS","2013 - 2011 Statistical Significance!!SEX AND AGE!!18 years and over!!Male"
"CP05_2013to2011_024SS","2013 - 2011 Statistical Significance!!SEX AND AGE!!18 years and over!!Female"
"CP05_2013to2011_025SS","2013 - 2011 Statistical Significance!!SEX AND AGE!!65 years and over"
"CP05_2013to2011_026SS","2013 - 2011 Statistical Significance!!SEX AND AGE!!65 years and over!!Male"
"CP05_2013to2011_027SS","2013 - 2011 Statistical Significance!!SEX AND AGE!!65 years and over!!Female"
"CP05_2013to2011_028SS","2013 - 2011 Statistical Significance!!RACE!!Total population"
"CP05_2013to2011_029SS","2013 - 2011 Statistical Significance!!RACE!!Total population!!One race"
"CP05_2013to2011_030SS","2013 - 2011 Statistical Significance!!RACE!!Total population!!Two or more races"
"CP05_2013to2011_031SS","2013 - 2011 Statistical Significance!!RACE!!One race"
"CP05_2013to2011_032SS","2013 - 2011 Statistical Significance!!RACE!!One race!!White"
"CP05_2013to2011_033SS","2013 - 2011 Statistical Significance!!RACE!!One race!!Black or African American"
"CP05_2013to2011_034SS","2013 - 2011 Statistical Significance!!RACE!!One race!!American Indian and Alaska Native"
"CP05_2013to2011_035SS","2013 - 2011 Statistical Significance!!RACE!!One race!!American Indian and Alaska Native!!Cherokee tribal grouping"
"CP05_2013to2011_036SS","2013 - 2011 Statistical Significance!!RACE!!One race!!American Indian and Alaska Native!!Chippewa tribal grouping"
"CP05_2013to2011_037SS","2013 - 2011 Statistical Significance!!RACE!!One race!!American Indian and Alaska Native!!Navajo tribal grouping"
"CP05_2013to2011_038SS","2013 - 2011 Statistical Significance!!RACE!!One race!!American Indian and Alaska Native!!Sioux tribal grouping"
"CP05_2013to2011_039SS","2013 - 2011 Statistical Significance!!RACE!!One race!!Asian"
"CP05_2013to2011_040SS","2013 - 2011 Statistical Significance!!RACE!!One race!!Asian!!Asian Indian"
"CP05_2013to2011_041SS","2013 - 2011 Statistical Significance!!RACE!!One race!!Asian!!Chinese"
"CP05_2013to2011_042SS","2013 - 2011 Statistical Significance!!RACE!!One race!!Asian!!Filipino"
"CP05_2013to2011_043SS","2013 - 2011 Statistical Significance!!RACE!!One race!!Asian!!Japanese"
"CP05_2013to2011_044SS","2013 - 2011 Statistical Significance!!RACE!!One race!!Asian!!Korean"
"CP05_2013to2011_045SS","2013 - 2011 Statistical Significance!!RACE!!One race!!Asian!!Vietnamese"
"CP05_2013to2011_046SS","2013 - 2011 Statistical Significance!!RACE!!One race!!Asian!!Other Asian"
"CP05_2013to2011_047SS","2013 - 2011 Statistical Significance!!RACE!!One race!!Native Hawaiian and Other Pacific Islander"
"CP05_2013to2011_048SS","2013 - 2011 Statistical Significance!!RACE!!One race!!Native Hawaiian and Other Pacific Islander!!Native Hawaiian"
"CP05_2013to2011_049SS","2013 - 2011 Statistical Significance!!RACE!!One race!!Native Hawaiian and Other Pacific Islander!!Guamanian or Chamorro"
"CP05_2013to2011_050SS","2013 - 2011 Statistical Significance!!RACE!!One race!!Native Hawaiian and Other Pacific Islander!!Samoan"
"CP05_2013to2011_051SS","2013 - 2011 Statistical Significance!!RACE!!One race!!Native Hawaiian and Other Pacific Islander!!Other Pacific Islander"
"CP05_2013to2011_052SS","2013 - 2011 Statistical Significance!!RACE!!One race!!Some other race"
"CP05_2013to2011_053SS","2013 - 2011 Statistical Significance!!RACE!!Two or more races"
"CP05_2013to2011_054SS","2013 - 2011 Statistical Significance!!RACE!!Two or more races!!White and Black or African American"
"CP05_2013to2011_055SS","2013 - 2011 Statistical Significance!!RACE!!Two or more races!!White and American Indian and Alaska Native"
"CP05_2013to2011_056SS","2013 - 2011 Statistical Significance!!RACE!!Two or more races!!White and Asian"
"CP05_2013to2011_057SS","2013 - 2011 Statistical Significance!!RACE!!Two or more races!!Black or African American and American Indian and Alaska Native"
"CP05_2013to2011_058SS","2013 - 2011 Statistical Significance!!RACE!!Race alone or in combination with one or more other races!!Total population"
"CP05_2013to2011_059SS","2013 - 2011 Statistical Significance!!RACE!!Race alone or in combination with one or more other races!!Total population!!White"
"CP05_2013to2011_060SS","2013 - 2011 Statistical Significance!!RACE!!Race alone or in combination with one or more other races!!Total population!!Black or African American"
"CP05_2013to2011_061SS","2013 - 2011 Statistical Significance!!RACE!!Race alone or in combination with one or more other races!!Total population!!American Indian and Alaska Native"
"CP05_2013to2011_062SS","2013 - 2011 Statistical Significance!!RACE!!Race alone or in combination with one or more other races!!Total population!!Asian"
"CP05_2013to2011_063SS","2013 - 2011 Statistical Significance!!RACE!!Race alone or in combination with one or more other races!!Total population!!Native Hawaiian and Other Pacific Islander"
"CP05_2013to2011_064SS","2013 - 2011 Statistical Significance!!RACE!!Race alone or in combination with one or more other races!!Total population!!Some other race"
"CP05_2013to2011_065SS","2013 - 2011 Statistical Significance!!HISPANIC OR LATINO AND RACE!!Total population"
"CP05_2013to2011_066SS","2013 - 2011 Statistical Significance!!HISPANIC OR LATINO AND RACE!!Total population!!Hispanic or Latino (of any race)"
"CP05_2013to2011_067SS","2013 - 2011 Statistical Significance!!HISPANIC OR LATINO AND RACE!!Total population!!Hispanic or Latino (of any race)!!Mexican"
"CP05_2013to2011_068SS","2013 - 2011 Statistical Significance!!HISPANIC OR LATINO AND RACE!!Total population!!Hispanic or Latino (of any race)!!Puerto Rican"
"CP05_2013to2011_069SS","2013 - 2011 Statistical Significance!!HISPANIC OR LATINO AND RACE!!Total population!!Hispanic or Latino (of any race)!!Cuban"
"CP05_2013to2011_070SS","2013 - 2011 Statistical Significance!!HISPANIC OR LATINO AND RACE!!Total population!!Hispanic or Latino (of any race)!!Other Hispanic or Latino"
"CP05_2013to2011_071SS","2013 - 2011 Statistical Significance!!HISPANIC OR LATINO AND RACE!!Total population!!Not Hispanic or Latino"
"CP05_2013to2011_072SS","2013 - 2011 Statistical Significance!!HISPANIC OR LATINO AND RACE!!Total population!!Not Hispanic or Latino!!White alone"
"CP05_2013to2011_073SS","2013 - 2011 Statistical Significance!!HISPANIC OR LATINO AND RACE!!Total population!!Not Hispanic or Latino!!Black or African American alone"
"CP05_2013to2011_074SS","2013 - 2011 Statistical Significance!!HISPANIC OR LATINO AND RACE!!Total population!!Not Hispanic or Latino!!American Indian and Alaska Native alone"
"CP05_2013to2011_075SS","2013 - 2011 Statistical Significance!!HISPANIC OR LATINO AND RACE!!Total population!!Not Hispanic or Latino!!Asian alone"
"CP05_2013to2011_076SS","2013 - 2011 Statistical Significance!!HISPANIC OR LATINO AND RACE!!Total population!!Not Hispanic or Latino!!Native Hawaiian and Other Pacific Islander alone"
"CP05_2013to2011_077SS","2013 - 2011 Statistical Significance!!HISPANIC OR LATINO AND RACE!!Total population!!Not Hispanic or Latino!!Some other race alone"
"CP05_2013to2011_078SS","2013 - 2011 Statistical Significance!!HISPANIC OR LATINO AND RACE!!Total population!!Not Hispanic or Latino!!Two or more races"
"CP05_2013to2011_079SS","2013 - 2011 Statistical Significance!!HISPANIC OR LATINO AND RACE!!Total population!!Not Hispanic or Latino!!Two or more races!!Two races including Some other race"
"CP05_2013to2011_080SS","2013 - 2011 Statistical Significance!!HISPANIC OR LATINO AND RACE!!Total population!!Not Hispanic or Latino!!Two or more races!!Two races excluding Some other race, and Three or more races"
"CP05_2013to2011_081SS","2013 - 2011 Statistical Significance!!HISPANIC OR LATINO AND RACE!!Total housing units"
"CP05_2013to2012_001SS","2013 - 2012 Statistical Significance!!SEX AND AGE!!Total population"
"CP05_2013to2012_002SS","2013 - 2012 Statistical Significance!!SEX AND AGE!!Total population!!Male"
"CP05_2013to2012_003SS","2013 - 2012 Statistical Significance!!SEX AND AGE!!Total population!!Female"
"CP05_2013to2012_004SS","2013 - 2012 Statistical Significance!!SEX AND AGE!!Under 5 years"
"CP05_2013to2012_005SS","2013 - 2012 Statistical Significance!!SEX AND AGE!!5 to 9 years"
"CP05_2013to2012_006SS","2013 - 2012 Statistical Significance!!SEX AND AGE!!10 to 14 years"
"CP05_2013to2012_007SS","2013 - 2012 Statistical Significance!!SEX AND AGE!!15 to 19 years"
"CP05_2013to2012_008SS","2013 - 2012 Statistical Significance!!SEX AND AGE!!20 to 24 years"
"CP05_2013to2012_009SS","2013 - 2012 Statistical Significance!!SEX AND AGE!!25 to 34 years"
"CP05_2013to2012_010SS","2013 - 2012 Statistical Significance!!SEX AND AGE!!35 to 44 years"
"CP05_2013to2012_011SS","2013 - 2012 Statistical Significance!!SEX AND AGE!!45 to 54 years"
"CP05_2013to2012_012SS","2013 - 2012 Statistical Significance!!SEX AND AGE!!55 to 59 years"
"CP05_2013to2012_013SS","2013 - 2012 Statistical Significance!!SEX AND AGE!!60 to 64 years"
"CP05_2013to2012_014SS","2013 - 2012 Statistical Significance!!SEX AND AGE!!65 to 74 years"
"CP05_2013to2012_015SS","2013 - 2012 Statistical Significance!!SEX AND AGE!!75 to 84 years"
"CP05_2013to2012_016SS","2013 - 2012 Statistical Significance!!SEX AND AGE!!85 years and over"
"CP05_2013to2012_017SS","2013 - 2012 Statistical Significance!!SEX AND AGE!!Median age (years)"
"CP05_2013to2012_018SS","2013 - 2012 Statistical Significance!!SEX AND AGE!!18 years and over"
"CP05_2013to2012_019SS","2013 - 2012 Statistical Significance!!SEX AND AGE!!21 years and over"
"CP05_2013to2012_020SS","2013 - 2012 Statistical Significance!!SEX AND AGE!!62 years and over"
"CP05_2013to2012_021SS","2013 - 2012 Statistical Significance!!SEX AND AGE!!65 years and over"
"CP05_2013to2012_022SS","2013 - 2012 Statistical Significance!!SEX AND AGE!!18 years and over"
"CP05_2013to2012_023SS","2013 - 2012 Statistical Significance!!SEX AND AGE!!18 years and over!!Male"
"CP05_2013to2012_024SS","2013 - 2012 Statistical Significance!!SEX AND AGE!!18 years and over!!Female"
"CP05_2013to2012_025SS","2013 - 2012 Statistical Significance!!SEX AND AGE!!65 years and over"
"CP05_2013to2012_026SS","2013 - 2012 Statistical Significance!!SEX AND AGE!!65 years and over!!Male"
"CP05_2013to2012_027SS","2013 - 2012 Statistical Significance!!SEX AND AGE!!65 years and over!!Female"
"CP05_2013to2012_028SS","2013 - 2012 Statistical Significance!!RACE!!Total population"
"CP05_2013to2012_029SS","2013 - 2012 Statistical Significance!!RACE!!Total population!!One race"
"CP05_2013to2012_030SS","2013 - 2012 Statistical Significance!!RACE!!Total population!!Two or more races"
"CP05_2013to2012_031SS","2013 - 2012 Statistical Significance!!RACE!!One race"
"CP05_2013to2012_032SS","2013 - 2012 Statistical Significance!!RACE!!One race!!White"
"CP05_2013to2012_033SS","2013 - 2012 Statistical Significance!!RACE!!One race!!Black or African American"
"CP05_2013to2012_034SS","2013 - 2012 Statistical Significance!!RACE!!One race!!American Indian and Alaska Native"
"CP05_2013to2012_035SS","2013 - 2012 Statistical Significance!!RACE!!One race!!American Indian and Alaska Native!!Cherokee tribal grouping"
"CP05_2013to2012_036SS","2013 - 2012 Statistical Significance!!RACE!!One race!!American Indian and Alaska Native!!Chippewa tribal grouping"
"CP05_2013to2012_037SS","2013 - 2012 Statistical Significance!!RACE!!One race!!American Indian and Alaska Native!!Navajo tribal grouping"
"CP05_2013to2012_038SS","2013 - 2012 Statistical Significance!!RACE!!One race!!American Indian and Alaska Native!!Sioux tribal grouping"
"CP05_2013to2012_039SS","2013 - 2012 Statistical Significance!!RACE!!One race!!Asian"
"CP05_2013to2012_040SS","2013 - 2012 Statistical Significance!!RACE!!One race!!Asian!!Asian Indian"
"CP05_2013to2012_041SS","2013 - 2012 Statistical Significance!!RACE!!One race!!Asian!!Chinese"
"CP05_2013to2012_042SS","2013 - 2012 Statistical Significance!!RACE!!One race!!Asian!!Filipino"
"CP05_2013to2012_043SS","2013 - 2012 Statistical Significance!!RACE!!One race!!Asian!!Japanese"
"CP05_2013to2012_044SS","2013 - 2012 Statistical Significance!!RACE!!One race!!Asian!!Korean"
"CP05_2013to2012_045SS","2013 - 2012 Statistical Significance!!RACE!!One race!!Asian!!Vietnamese"
"CP05_2013to2012_046SS","2013 - 2012 Statistical Significance!!RACE!!One race!!Asian!!Other Asian"
"CP05_2013to2012_047SS","2013 - 2012 Statistical Significance!!RACE!!One race!!Native Hawaiian and Other Pacific Islander"
"CP05_2013to2012_048SS","2013 - 2012 Statistical Significance!!RACE!!One race!!Native Hawaiian and Other Pacific Islander!!Native Hawaiian"
"CP05_2013to2012_049SS","2013 - 2012 Statistical Significance!!RACE!!One race!!Native Hawaiian and Other Pacific Islander!!Guamanian or Chamorro"
"CP05_2013to2012_050SS","2013 - 2012 Statistical Significance!!RACE!!One race!!Native Hawaiian and Other Pacific Islander!!Samoan"
"CP05_2013to2012_051SS","2013 - 2012 Statistical Significance!!RACE!!One race!!Native Hawaiian and Other Pacific Islander!!Other Pacific Islander"
"CP05_2013to2012_052SS","2013 - 2012 Statistical Significance!!RACE!!One race!!Some other race"
"CP05_2013to2012_053SS","2013 - 2012 Statistical Significance!!RACE!!Two or more races"
"CP05_2013to2012_054SS","2013 - 2012 Statistical Significance!!RACE!!Two or more races!!White and Black or African American"
"CP05_2013to2012_055SS","2013 - 2012 Statistical Significance!!RACE!!Two or more races!!White and American Indian and Alaska Native"
"CP05_2013to2012_056SS","2013 - 2012 Statistical Significance!!RACE!!Two or more races!!White and Asian"
"CP05_2013to2012_057SS","2013 - 2012 Statistical Significance!!RACE!!Two or more races!!Black or African American and American Indian and Alaska Native"
"CP05_2013to2012_058SS","2013 - 2012 Statistical Significance!!RACE!!Race alone or in combination with one or more other races!!Total population"
"CP05_2013to2012_059SS","2013 - 2012 Statistical Significance!!RACE!!Race alone or in combination with one or more other races!!Total population!!White"
"CP05_2013to2012_060SS","2013 - 2012 Statistical Significance!!RACE!!Race alone or in combination with one or more other races!!Total population!!Black or African American"
"CP05_2013to2012_061SS","2013 - 2012 Statistical Significance!!RACE!!Race alone or in combination with one or more other races!!Total population!!American Indian and Alaska Native"
"CP05_2013to2012_062SS","2013 - 2012 Statistical Significance!!RACE!!Race alone or in combination with one or more other races!!Total population!!Asian"
"CP05_2013to2012_063SS","2013 - 2012 Statistical Significance!!RACE!!Race alone or in combination with one or more other races!!Total population!!Native Hawaiian and Other Pacific Islander"
"CP05_2013to2012_064SS","2013 - 2012 Statistical Significance!!RACE!!Race alone or in combination with one or more other races!!Total population!!Some other race"
"CP05_2013to2012_065SS","2013 - 2012 Statistical Significance!!HISPANIC OR LATINO AND RACE!!Total population"
"CP05_2013to2012_066SS","2013 - 2012 Statistical Significance!!HISPANIC OR LATINO AND RACE!!Total population!!Hispanic or Latino (of any race)"
"CP05_2013to2012_067SS","2013 - 2012 Statistical Significance!!HISPANIC OR LATINO AND RACE!!Total population!!Hispanic or Latino (of any race)!!Mexican"
"CP05_2013to2012_068SS","2013 - 2012 Statistical Significance!!HISPANIC OR LATINO AND RACE!!Total population!!Hispanic or Latino (of any race)!!Puerto Rican"
"CP05_2013to2012_069SS","2013 - 2012 Statistical Significance!!HISPANIC OR LATINO AND RACE!!Total population!!Hispanic or Latino (of any race)!!Cuban"
"CP05_2013to2012_070SS","2013 - 2012 Statistical Significance!!HISPANIC OR LATINO AND RACE!!Total population!!Hispanic or Latino (of any race)!!Other Hispanic or Latino"
"CP05_2013to2012_071SS","2013 - 2012 Statistical Significance!!HISPANIC OR LATINO AND RACE!!Total population!!Not Hispanic or Latino"
"CP05_2013to2012_072SS","2013 - 2012 Statistical Significance!!HISPANIC OR LATINO AND RACE!!Total population!!Not Hispanic or Latino!!White alone"
"CP05_2013to2012_073SS","2013 - 2012 Statistical Significance!!HISPANIC OR LATINO AND RACE!!Total population!!Not Hispanic or Latino!!Black or African American alone"
"CP05_2013to2012_074SS","2013 - 2012 Statistical Significance!!HISPANIC OR LATINO AND RACE!!Total population!!Not Hispanic or Latino!!American Indian and Alaska Native alone"
"CP05_2013to2012_075SS","2013 - 2012 Statistical Significance!!HISPANIC OR LATINO AND RACE!!Total population!!Not Hispanic or Latino!!Asian alone"
"CP05_2013to2012_076SS","2013 - 2012 Statistical Significance!!HISPANIC OR LATINO AND RACE!!Total population!!Not Hispanic or Latino!!Native Hawaiian and Other Pacific Islander alone"
"CP05_2013to2012_077SS","2013 - 2012 Statistical Significance!!HISPANIC OR LATINO AND RACE!!Total population!!Not Hispanic or Latino!!Some other race alone"
"CP05_2013to2012_078SS","2013 - 2012 Statistical Significance!!HISPANIC OR LATINO AND RACE!!Total population!!Not Hispanic or Latino!!Two or more races"
"CP05_2013to2012_079SS","2013 - 2012 Statistical Significance!!HISPANIC OR LATINO AND RACE!!Total population!!Not Hispanic or Latino!!Two or more races!!Two races including Some other race"
"CP05_2013to2012_080SS","2013 - 2012 Statistical Significance!!HISPANIC OR LATINO AND RACE!!Total population!!Not Hispanic or Latino!!Two or more races!!Two races excluding Some other race, and Three or more races"
"CP05_2013to2012_081SS","2013 - 2012 Statistical Significance!!HISPANIC OR LATINO AND RACE!!Total housing units"
