"GEO_ID","id"
"NAME","Geographic Area Name"
"CP05_2013_001E","2013 Estimate!!SEX AND AGE!!Total population"
"CP05_2013_002E","2013 Estimate!!SEX AND AGE!!Total population!!Male"
"CP05_2013_003E","2013 Estimate!!SEX AND AGE!!Total population!!Female"
"CP05_2013_004E","2013 Estimate!!SEX AND AGE!!Total population!!Sex ratio (males per 100 females)"
"CP05_2013_005E","2013 Estimate!!SEX AND AGE!!Under 5 years"
"CP05_2013_006E","2013 Estimate!!SEX AND AGE!!5 to 9 years"
"CP05_2013_007E","2013 Estimate!!SEX AND AGE!!10 to 14 years"
"CP05_2013_008E","2013 Estimate!!SEX AND AGE!!15 to 19 years"
"CP05_2013_009E","2013 Estimate!!SEX AND AGE!!20 to 24 years"
"CP05_2013_010E","2013 Estimate!!SEX AND AGE!!25 to 34 years"
"CP05_2013_011E","2013 Estimate!!SEX AND AGE!!35 to 44 years"
"CP05_2013_012E","2013 Estimate!!SEX AND AGE!!45 to 54 years"
"CP05_2013_013E","2013 Estimate!!SEX AND AGE!!55 to 59 years"
"CP05_2013_014E","2013 Estimate!!SEX AND AGE!!60 to 64 years"
"CP05_2013_015E","2013 Estimate!!SEX AND AGE!!65 to 74 years"
"CP05_2013_016E","2013 Estimate!!SEX AND AGE!!75 to 84 years"
"CP05_2013_017E","2013 Estimate!!SEX AND AGE!!85 years and over"
"CP05_2013_018E","2013 Estimate!!SEX AND AGE!!Median age (years)"
"CP05_2013_019E","2013 Estimate!!SEX AND AGE!!Under 18 years"
"CP05_2013_020E","2013 Estimate!!SEX AND AGE!!16 years and over"
"CP05_2013_021E","2013 Estimate!!SEX AND AGE!!18 years and over"
"CP05_2013_022E","2013 Estimate!!SEX AND AGE!!21 years and over"
"CP05_2013_023E","2013 Estimate!!SEX AND AGE!!62 years and over"
"CP05_2013_024E","2013 Estimate!!SEX AND AGE!!65 years and over"
"CP05_2013_025E","2013 Estimate!!SEX AND AGE!!18 years and over"
"CP05_2013_026E","2013 Estimate!!SEX AND AGE!!18 years and over!!Male"
"CP05_2013_027E","2013 Estimate!!SEX AND AGE!!18 years and over!!Female"
"CP05_2013_028E","2013 Estimate!!SEX AND AGE!!18 years and over!!Sex ratio (males per 100 females)"
"CP05_2013_029E","2013 Estimate!!SEX AND AGE!!65 years and over"
"CP05_2013_030E","2013 Estimate!!SEX AND AGE!!65 years and over!!Male"
"CP05_2013_031E","2013 Estimate!!SEX AND AGE!!65 years and over!!Female"
"CP05_2013_032E","2013 Estimate!!SEX AND AGE!!65 years and over!!Sex ratio (males per 100 females)"
"CP05_2013_033E","2013 Estimate!!RACE!!Total population"
"CP05_2013_034E","2013 Estimate!!RACE!!Total population!!One race"
"CP05_2013_035E","2013 Estimate!!RACE!!Total population!!Two or more races"
"CP05_2013_036E","2013 Estimate!!RACE!!One race"
"CP05_2013_037E","2013 Estimate!!RACE!!One race!!White"
"CP05_2013_038E","2013 Estimate!!RACE!!One race!!Black or African American"
"CP05_2013_039E","2013 Estimate!!RACE!!One race!!American Indian and Alaska Native"
"CP05_2013_040E","2013 Estimate!!RACE!!One race!!American Indian and Alaska Native!!Cherokee tribal grouping"
"CP05_2013_041E","2013 Estimate!!RACE!!One race!!American Indian and Alaska Native!!Chippewa tribal grouping"
"CP05_2013_042E","2013 Estimate!!RACE!!One race!!American Indian and Alaska Native!!Navajo tribal grouping"
"CP05_2013_043E","2013 Estimate!!RACE!!One race!!American Indian and Alaska Native!!Sioux tribal grouping"
"CP05_2013_044E","2013 Estimate!!RACE!!One race!!Asian"
"CP05_2013_045E","2013 Estimate!!RACE!!One race!!Asian!!Asian Indian"
"CP05_2013_046E","2013 Estimate!!RACE!!One race!!Asian!!Chinese"
"CP05_2013_047E","2013 Estimate!!RACE!!One race!!Asian!!Filipino"
"CP05_2013_048E","2013 Estimate!!RACE!!One race!!Asian!!Japanese"
"CP05_2013_049E","2013 Estimate!!RACE!!One race!!Asian!!Korean"
"CP05_2013_050E","2013 Estimate!!RACE!!One race!!Asian!!Vietnamese"
"CP05_2013_051E","2013 Estimate!!RACE!!One race!!Asian!!Other Asian"
"CP05_2013_052E","2013 Estimate!!RACE!!One race!!Native Hawaiian and Other Pacific Islander"
"CP05_2013_053E","2013 Estimate!!RACE!!One race!!Native Hawaiian and Other Pacific Islander!!Native Hawaiian"
"CP05_2013_054E","2013 Estimate!!RACE!!One race!!Native Hawaiian and Other Pacific Islander!!Guamanian or Chamorro"
"CP05_2013_055E","2013 Estimate!!RACE!!One race!!Native Hawaiian and Other Pacific Islander!!Samoan"
"CP05_2013_056E","2013 Estimate!!RACE!!One race!!Native Hawaiian and Other Pacific Islander!!Other Pacific Islander"
"CP05_2013_057E","2013 Estimate!!RACE!!One race!!Some other race"
"CP05_2013_058E","2013 Estimate!!RACE!!Two or more races"
"CP05_2013_059E","2013 Estimate!!RACE!!Two or more races!!White and Black or African American"
"CP05_2013_060E","2013 Estimate!!RACE!!Two or more races!!White and American Indian and Alaska Native"
"CP05_2013_061E","2013 Estimate!!RACE!!Two or more races!!White and Asian"
"CP05_2013_062E","2013 Estimate!!RACE!!Two or more races!!Black or African American and American Indian and Alaska Native"
"CP05_2013_063E","2013 Estimate!!RACE!!Race alone or in combination with one or more other races!!Total population"
"CP05_2013_064E","2013 Estimate!!RACE!!Race alone or in combination with one or more other races!!Total population!!White"
"CP05_2013_065E","2013 Estimate!!RACE!!Race alone or in combination with one or more other races!!Total population!!Black or African American"
"CP05_2013_066E","2013 Estimate!!RACE!!Race alone or in combination with one or more other races!!Total population!!American Indian and Alaska Native"
"CP05_2013_067E","2013 Estimate!!RACE!!Race alone or in combination with one or more other races!!Total population!!Asian"
"CP05_2013_068E","2013 Estimate!!RACE!!Race alone or in combination with one or more other races!!Total population!!Native Hawaiian and Other Pacific Islander"
"CP05_2013_069E","2013 Estimate!!RACE!!Race alone or in combination with one or more other races!!Total population!!Some other race"
"CP05_2013_070E","2013 Estimate!!HISPANIC OR LATINO AND RACE!!Total population"
"CP05_2013_071E","2013 Estimate!!HISPANIC OR LATINO AND RACE!!Total population!!Hispanic or Latino (of any race)"
"CP05_2013_072E","2013 Estimate!!HISPANIC OR LATINO AND RACE!!Total population!!Hispanic or Latino (of any race)!!Mexican"
"CP05_2013_073E","2013 Estimate!!HISPANIC OR LATINO AND RACE!!Total population!!Hispanic or Latino (of any race)!!Puerto Rican"
"CP05_2013_074E","2013 Estimate!!HISPANIC OR LATINO AND RACE!!Total population!!Hispanic or Latino (of any race)!!Cuban"
"CP05_2013_075E","2013 Estimate!!HISPANIC OR LATINO AND RACE!!Total population!!Hispanic or Latino (of any race)!!Other Hispanic or Latino"
"CP05_2013_076E","2013 Estimate!!HISPANIC OR LATINO AND RACE!!Total population!!Not Hispanic or Latino"
"CP05_2013_077E","2013 Estimate!!HISPANIC OR LATINO AND RACE!!Total population!!Not Hispanic or Latino!!White alone"
"CP05_2013_078E","2013 Estimate!!HISPANIC OR LATINO AND RACE!!Total population!!Not Hispanic or Latino!!Black or African American alone"
"CP05_2013_079E","2013 Estimate!!HISPANIC OR LATINO AND RACE!!Total population!!Not Hispanic or Latino!!American Indian and Alaska Native alone"
"CP05_2013_080E","2013 Estimate!!HISPANIC OR LATINO AND RACE!!Total population!!Not Hispanic or Latino!!Asian alone"
"CP05_2013_081E","2013 Estimate!!HISPANIC OR LATINO AND RACE!!Total population!!Not Hispanic or Latino!!Native Hawaiian and Other Pacific Islander alone"
"CP05_2013_082E","2013 Estimate!!HISPANIC OR LATINO AND RACE!!Total population!!Not Hispanic or Latino!!Some other race alone"
"CP05_2013_083E","2013 Estimate!!HISPANIC OR LATINO AND RACE!!Total population!!Not Hispanic or Latino!!Two or more races"
"CP05_2013_084E","2013 Estimate!!HISPANIC OR LATINO AND RACE!!Total population!!Not Hispanic or Latino!!Two or more races!!Two races including Some other race"
"CP05_2013_085E","2013 Estimate!!HISPANIC OR LATINO AND RACE!!Total population!!Not Hispanic or Latino!!Two or more races!!Two races excluding Some other race, and Three or more races"
"CP05_2013_086E","2013 Estimate!!HISPANIC OR LATINO AND RACE!!Total housing units"
"CP05_2013_087E","2013 Estimate!!CITIZEN, VOTING AGE POPULATION!!Citizen, 18 and over population"
"CP05_2013_088E","2013 Estimate!!CITIZEN, VOTING AGE POPULATION!!Citizen, 18 and over population!!Male"
"CP05_2013_089E","2013 Estimate!!CITIZEN, VOTING AGE POPULATION!!Citizen, 18 and over population!!Female"
"CP05_2014_001E","2014 Estimate!!SEX AND AGE!!Total population"
"CP05_2014_002E","2014 Estimate!!SEX AND AGE!!Total population!!Male"
"CP05_2014_003E","2014 Estimate!!SEX AND AGE!!Total population!!Female"
"CP05_2014_004E","2014 Estimate!!SEX AND AGE!!Total population!!Sex ratio (males per 100 females)"
"CP05_2014_005E","2014 Estimate!!SEX AND AGE!!Under 5 years"
"CP05_2014_006E","2014 Estimate!!SEX AND AGE!!5 to 9 years"
"CP05_2014_007E","2014 Estimate!!SEX AND AGE!!10 to 14 years"
"CP05_2014_008E","2014 Estimate!!SEX AND AGE!!15 to 19 years"
"CP05_2014_009E","2014 Estimate!!SEX AND AGE!!20 to 24 years"
"CP05_2014_010E","2014 Estimate!!SEX AND AGE!!25 to 34 years"
"CP05_2014_011E","2014 Estimate!!SEX AND AGE!!35 to 44 years"
"CP05_2014_012E","2014 Estimate!!SEX AND AGE!!45 to 54 years"
"CP05_2014_013E","2014 Estimate!!SEX AND AGE!!55 to 59 years"
"CP05_2014_014E","2014 Estimate!!SEX AND AGE!!60 to 64 years"
"CP05_2014_015E","2014 Estimate!!SEX AND AGE!!65 to 74 years"
"CP05_2014_016E","2014 Estimate!!SEX AND AGE!!75 to 84 years"
"CP05_2014_017E","2014 Estimate!!SEX AND AGE!!85 years and over"
"CP05_2014_018E","2014 Estimate!!SEX AND AGE!!Median age (years)"
"CP05_2014_019E","2014 Estimate!!SEX AND AGE!!Under 18 years"
"CP05_2014_020E","2014 Estimate!!SEX AND AGE!!16 years and over"
"CP05_2014_021E","2014 Estimate!!SEX AND AGE!!18 years and over"
"CP05_2014_022E","2014 Estimate!!SEX AND AGE!!21 years and over"
"CP05_2014_023E","2014 Estimate!!SEX AND AGE!!62 years and over"
"CP05_2014_024E","2014 Estimate!!SEX AND AGE!!65 years and over"
"CP05_2014_025E","2014 Estimate!!SEX AND AGE!!18 years and over"
"CP05_2014_026E","2014 Estimate!!SEX AND AGE!!18 years and over!!Male"
"CP05_2014_027E","2014 Estimate!!SEX AND AGE!!18 years and over!!Female"
"CP05_2014_028E","2014 Estimate!!SEX AND AGE!!18 years and over!!Sex ratio (males per 100 females)"
"CP05_2014_029E","2014 Estimate!!SEX AND AGE!!65 years and over"
"CP05_2014_030E","2014 Estimate!!SEX AND AGE!!65 years and over!!Male"
"CP05_2014_031E","2014 Estimate!!SEX AND AGE!!65 years and over!!Female"
"CP05_2014_032E","2014 Estimate!!SEX AND AGE!!65 years and over!!Sex ratio (males per 100 females)"
"CP05_2014_033E","2014 Estimate!!RACE!!Total population"
"CP05_2014_034E","2014 Estimate!!RACE!!Total population!!One race"
"CP05_2014_035E","2014 Estimate!!RACE!!Total population!!Two or more races"
"CP05_2014_036E","2014 Estimate!!RACE!!One race"
"CP05_2014_037E","2014 Estimate!!RACE!!One race!!White"
"CP05_2014_038E","2014 Estimate!!RACE!!One race!!Black or African American"
"CP05_2014_039E","2014 Estimate!!RACE!!One race!!American Indian and Alaska Native"
"CP05_2014_040E","2014 Estimate!!RACE!!One race!!American Indian and Alaska Native!!Cherokee tribal grouping"
"CP05_2014_041E","2014 Estimate!!RACE!!One race!!American Indian and Alaska Native!!Chippewa tribal grouping"
"CP05_2014_042E","2014 Estimate!!RACE!!One race!!American Indian and Alaska Native!!Navajo tribal grouping"
"CP05_2014_043E","2014 Estimate!!RACE!!One race!!American Indian and Alaska Native!!Sioux tribal grouping"
"CP05_2014_044E","2014 Estimate!!RACE!!One race!!Asian"
"CP05_2014_045E","2014 Estimate!!RACE!!One race!!Asian!!Asian Indian"
"CP05_2014_046E","2014 Estimate!!RACE!!One race!!Asian!!Chinese"
"CP05_2014_047E","2014 Estimate!!RACE!!One race!!Asian!!Filipino"
"CP05_2014_048E","2014 Estimate!!RACE!!One race!!Asian!!Japanese"
"CP05_2014_049E","2014 Estimate!!RACE!!One race!!Asian!!Korean"
"CP05_2014_050E","2014 Estimate!!RACE!!One race!!Asian!!Vietnamese"
"CP05_2014_051E","2014 Estimate!!RACE!!One race!!Asian!!Other Asian"
"CP05_2014_052E","2014 Estimate!!RACE!!One race!!Native Hawaiian and Other Pacific Islander"
"CP05_2014_053E","2014 Estimate!!RACE!!One race!!Native Hawaiian and Other Pacific Islander!!Native Hawaiian"
"CP05_2014_054E","2014 Estimate!!RACE!!One race!!Native Hawaiian and Other Pacific Islander!!Guamanian or Chamorro"
"CP05_2014_055E","2014 Estimate!!RACE!!One race!!Native Hawaiian and Other Pacific Islander!!Samoan"
"CP05_2014_056E","2014 Estimate!!RACE!!One race!!Native Hawaiian and Other Pacific Islander!!Other Pacific Islander"
"CP05_2014_057E","2014 Estimate!!RACE!!One race!!Some other race"
"CP05_2014_058E","2014 Estimate!!RACE!!Two or more races"
"CP05_2014_059E","2014 Estimate!!RACE!!Two or more races!!White and Black or African American"
"CP05_2014_060E","2014 Estimate!!RACE!!Two or more races!!White and American Indian and Alaska Native"
"CP05_2014_061E","2014 Estimate!!RACE!!Two or more races!!White and Asian"
"CP05_2014_062E","2014 Estimate!!RACE!!Two or more races!!Black or African American and American Indian and Alaska Native"
"CP05_2014_063E","2014 Estimate!!RACE!!Race alone or in combination with one or more other races!!Total population"
"CP05_2014_064E","2014 Estimate!!RACE!!Race alone or in combination with one or more other races!!Total population!!White"
"CP05_2014_065E","2014 Estimate!!RACE!!Race alone or in combination with one or more other races!!Total population!!Black or African American"
"CP05_2014_066E","2014 Estimate!!RACE!!Race alone or in combination with one or more other races!!Total population!!American Indian and Alaska Native"
"CP05_2014_067E","2014 Estimate!!RACE!!Race alone or in combination with one or more other races!!Total population!!Asian"
"CP05_2014_068E","2014 Estimate!!RACE!!Race alone or in combination with one or more other races!!Total population!!Native Hawaiian and Other Pacific Islander"
"CP05_2014_069E","2014 Estimate!!RACE!!Race alone or in combination with one or more other races!!Total population!!Some other race"
"CP05_2014_070E","2014 Estimate!!HISPANIC OR LATINO AND RACE!!Total population"
"CP05_2014_071E","2014 Estimate!!HISPANIC OR LATINO AND RACE!!Total population!!Hispanic or Latino (of any race)"
"CP05_2014_072E","2014 Estimate!!HISPANIC OR LATINO AND RACE!!Total population!!Hispanic or Latino (of any race)!!Mexican"
"CP05_2014_073E","2014 Estimate!!HISPANIC OR LATINO AND RACE!!Total population!!Hispanic or Latino (of any race)!!Puerto Rican"
"CP05_2014_074E","2014 Estimate!!HISPANIC OR LATINO AND RACE!!Total population!!Hispanic or Latino (of any race)!!Cuban"
"CP05_2014_075E","2014 Estimate!!HISPANIC OR LATINO AND RACE!!Total population!!Hispanic or Latino (of any race)!!Other Hispanic or Latino"
"CP05_2014_076E","2014 Estimate!!HISPANIC OR LATINO AND RACE!!Total population!!Not Hispanic or Latino"
"CP05_2014_077E","2014 Estimate!!HISPANIC OR LATINO AND RACE!!Total population!!Not Hispanic or Latino!!White alone"
"CP05_2014_078E","2014 Estimate!!HISPANIC OR LATINO AND RACE!!Total population!!Not Hispanic or Latino!!Black or African American alone"
"CP05_2014_079E","2014 Estimate!!HISPANIC OR LATINO AND RACE!!Total population!!Not Hispanic or Latino!!American Indian and Alaska Native alone"
"CP05_2014_080E","2014 Estimate!!HISPANIC OR LATINO AND RACE!!Total population!!Not Hispanic or Latino!!Asian alone"
"CP05_2014_081E","2014 Estimate!!HISPANIC OR LATINO AND RACE!!Total population!!Not Hispanic or Latino!!Native Hawaiian and Other Pacific Islander alone"
"CP05_2014_082E","2014 Estimate!!HISPANIC OR LATINO AND RACE!!Total population!!Not Hispanic or Latino!!Some other race alone"
"CP05_2014_083E","2014 Estimate!!HISPANIC OR LATINO AND RACE!!Total population!!Not Hispanic or Latino!!Two or more races"
"CP05_2014_084E","2014 Estimate!!HISPANIC OR LATINO AND RACE!!Total population!!Not Hispanic or Latino!!Two or more races!!Two races including Some other race"
"CP05_2014_085E","2014 Estimate!!HISPANIC OR LATINO AND RACE!!Total population!!Not Hispanic or Latino!!Two or more races!!Two races excluding Some other race, and Three or more races"
"CP05_2014_086E","2014 Estimate!!HISPANIC OR LATINO AND RACE!!Total housing units"
"CP05_2014_087E","2014 Estimate!!CITIZEN, VOTING AGE POPULATION!!Citizen, 18 and over population"
"CP05_2014_088E","2014 Estimate!!CITIZEN, VOTING AGE POPULATION!!Citizen, 18 and over population!!Male"
"CP05_2014_089E","2014 Estimate!!CITIZEN, VOTING AGE POPULATION!!Citizen, 18 and over population!!Female"
"CP05_2015_001E","2015 Estimate!!SEX AND AGE!!Total population"
"CP05_2015_002E","2015 Estimate!!SEX AND AGE!!Total population!!Male"
"CP05_2015_003E","2015 Estimate!!SEX AND AGE!!Total population!!Female"
"CP05_2015_004E","2015 Estimate!!SEX AND AGE!!Total population!!Sex ratio (males per 100 females)"
"CP05_2015_005E","2015 Estimate!!SEX AND AGE!!Under 5 years"
"CP05_2015_006E","2015 Estimate!!SEX AND AGE!!5 to 9 years"
"CP05_2015_007E","2015 Estimate!!SEX AND AGE!!10 to 14 years"
"CP05_2015_008E","2015 Estimate!!SEX AND AGE!!15 to 19 years"
"CP05_2015_009E","2015 Estimate!!SEX AND AGE!!20 to 24 years"
"CP05_2015_010E","2015 Estimate!!SEX AND AGE!!25 to 34 years"
"CP05_2015_011E","2015 Estimate!!SEX AND AGE!!35 to 44 years"
"CP05_2015_012E","2015 Estimate!!SEX AND AGE!!45 to 54 years"
"CP05_2015_013E","2015 Estimate!!SEX AND AGE!!55 to 59 years"
"CP05_2015_014E","2015 Estimate!!SEX AND AGE!!60 to 64 years"
"CP05_2015_015E","2015 Estimate!!SEX AND AGE!!65 to 74 years"
"CP05_2015_016E","2015 Estimate!!SEX AND AGE!!75 to 84 years"
"CP05_2015_017E","2015 Estimate!!SEX AND AGE!!85 years and over"
"CP05_2015_018E","2015 Estimate!!SEX AND AGE!!Median age (years)"
"CP05_2015_019E","2015 Estimate!!SEX AND AGE!!Under 18 years"
"CP05_2015_020E","2015 Estimate!!SEX AND AGE!!16 years and over"
"CP05_2015_021E","2015 Estimate!!SEX AND AGE!!18 years and over"
"CP05_2015_022E","2015 Estimate!!SEX AND AGE!!21 years and over"
"CP05_2015_023E","2015 Estimate!!SEX AND AGE!!62 years and over"
"CP05_2015_024E","2015 Estimate!!SEX AND AGE!!65 years and over"
"CP05_2015_025E","2015 Estimate!!SEX AND AGE!!18 years and over"
"CP05_2015_026E","2015 Estimate!!SEX AND AGE!!18 years and over!!Male"
"CP05_2015_027E","2015 Estimate!!SEX AND AGE!!18 years and over!!Female"
"CP05_2015_028E","2015 Estimate!!SEX AND AGE!!18 years and over!!Sex ratio (males per 100 females)"
"CP05_2015_029E","2015 Estimate!!SEX AND AGE!!65 years and over"
"CP05_2015_030E","2015 Estimate!!SEX AND AGE!!65 years and over!!Male"
"CP05_2015_031E","2015 Estimate!!SEX AND AGE!!65 years and over!!Female"
"CP05_2015_032E","2015 Estimate!!SEX AND AGE!!65 years and over!!Sex ratio (males per 100 females)"
"CP05_2015_033E","2015 Estimate!!RACE!!Total population"
"CP05_2015_034E","2015 Estimate!!RACE!!Total population!!One race"
"CP05_2015_035E","2015 Estimate!!RACE!!Total population!!Two or more races"
"CP05_2015_036E","2015 Estimate!!RACE!!One race"
"CP05_2015_037E","2015 Estimate!!RACE!!One race!!White"
"CP05_2015_038E","2015 Estimate!!RACE!!One race!!Black or African American"
"CP05_2015_039E","2015 Estimate!!RACE!!One race!!American Indian and Alaska Native"
"CP05_2015_040E","2015 Estimate!!RACE!!One race!!American Indian and Alaska Native!!Cherokee tribal grouping"
"CP05_2015_041E","2015 Estimate!!RACE!!One race!!American Indian and Alaska Native!!Chippewa tribal grouping"
"CP05_2015_042E","2015 Estimate!!RACE!!One race!!American Indian and Alaska Native!!Navajo tribal grouping"
"CP05_2015_043E","2015 Estimate!!RACE!!One race!!American Indian and Alaska Native!!Sioux tribal grouping"
"CP05_2015_044E","2015 Estimate!!RACE!!One race!!Asian"
"CP05_2015_045E","2015 Estimate!!RACE!!One race!!Asian!!Asian Indian"
"CP05_2015_046E","2015 Estimate!!RACE!!One race!!Asian!!Chinese"
"CP05_2015_047E","2015 Estimate!!RACE!!One race!!Asian!!Filipino"
"CP05_2015_048E","2015 Estimate!!RACE!!One race!!Asian!!Japanese"
"CP05_2015_049E","2015 Estimate!!RACE!!One race!!Asian!!Korean"
"CP05_2015_050E","2015 Estimate!!RACE!!One race!!Asian!!Vietnamese"
"CP05_2015_051E","2015 Estimate!!RACE!!One race!!Asian!!Other Asian"
"CP05_2015_052E","2015 Estimate!!RACE!!One race!!Native Hawaiian and Other Pacific Islander"
"CP05_2015_053E","2015 Estimate!!RACE!!One race!!Native Hawaiian and Other Pacific Islander!!Native Hawaiian"
"CP05_2015_054E","2015 Estimate!!RACE!!One race!!Native Hawaiian and Other Pacific Islander!!Guamanian or Chamorro"
"CP05_2015_055E","2015 Estimate!!RACE!!One race!!Native Hawaiian and Other Pacific Islander!!Samoan"
"CP05_2015_056E","2015 Estimate!!RACE!!One race!!Native Hawaiian and Other Pacific Islander!!Other Pacific Islander"
"CP05_2015_057E","2015 Estimate!!RACE!!One race!!Some other race"
"CP05_2015_058E","2015 Estimate!!RACE!!Two or more races"
"CP05_2015_059E","2015 Estimate!!RACE!!Two or more races!!White and Black or African American"
"CP05_2015_060E","2015 Estimate!!RACE!!Two or more races!!White and American Indian and Alaska Native"
"CP05_2015_061E","2015 Estimate!!RACE!!Two or more races!!White and Asian"
"CP05_2015_062E","2015 Estimate!!RACE!!Two or more races!!Black or African American and American Indian and Alaska Native"
"CP05_2015_063E","2015 Estimate!!RACE!!Race alone or in combination with one or more other races!!Total population"
"CP05_2015_064E","2015 Estimate!!RACE!!Race alone or in combination with one or more other races!!Total population!!White"
"CP05_2015_065E","2015 Estimate!!RACE!!Race alone or in combination with one or more other races!!Total population!!Black or African American"
"CP05_2015_066E","2015 Estimate!!RACE!!Race alone or in combination with one or more other races!!Total population!!American Indian and Alaska Native"
"CP05_2015_067E","2015 Estimate!!RACE!!Race alone or in combination with one or more other races!!Total population!!Asian"
"CP05_2015_068E","2015 Estimate!!RACE!!Race alone or in combination with one or more other races!!Total population!!Native Hawaiian and Other Pacific Islander"
"CP05_2015_069E","2015 Estimate!!RACE!!Race alone or in combination with one or more other races!!Total population!!Some other race"
"CP05_2015_070E","2015 Estimate!!HISPANIC OR LATINO AND RACE!!Total population"
"CP05_2015_071E","2015 Estimate!!HISPANIC OR LATINO AND RACE!!Total population!!Hispanic or Latino (of any race)"
"CP05_2015_072E","2015 Estimate!!HISPANIC OR LATINO AND RACE!!Total population!!Hispanic or Latino (of any race)!!Mexican"
"CP05_2015_073E","2015 Estimate!!HISPANIC OR LATINO AND RACE!!Total population!!Hispanic or Latino (of any race)!!Puerto Rican"
"CP05_2015_074E","2015 Estimate!!HISPANIC OR LATINO AND RACE!!Total population!!Hispanic or Latino (of any race)!!Cuban"
"CP05_2015_075E","2015 Estimate!!HISPANIC OR LATINO AND RACE!!Total population!!Hispanic or Latino (of any race)!!Other Hispanic or Latino"
"CP05_2015_076E","2015 Estimate!!HISPANIC OR LATINO AND RACE!!Total population!!Not Hispanic or Latino"
"CP05_2015_077E","2015 Estimate!!HISPANIC OR LATINO AND RACE!!Total population!!Not Hispanic or Latino!!White alone"
"CP05_2015_078E","2015 Estimate!!HISPANIC OR LATINO AND RACE!!Total population!!Not Hispanic or Latino!!Black or African American alone"
"CP05_2015_079E","2015 Estimate!!HISPANIC OR LATINO AND RACE!!Total population!!Not Hispanic or Latino!!American Indian and Alaska Native alone"
"CP05_2015_080E","2015 Estimate!!HISPANIC OR LATINO AND RACE!!Total population!!Not Hispanic or Latino!!Asian alone"
"CP05_2015_081E","2015 Estimate!!HISPANIC OR LATINO AND RACE!!Total population!!Not Hispanic or Latino!!Native Hawaiian and Other Pacific Islander alone"
"CP05_2015_082E","2015 Estimate!!HISPANIC OR LATINO AND RACE!!Total population!!Not Hispanic or Latino!!Some other race alone"
"CP05_2015_083E","2015 Estimate!!HISPANIC OR LATINO AND RACE!!Total population!!Not Hispanic or Latino!!Two or more races"
"CP05_2015_084E","2015 Estimate!!HISPANIC OR LATINO AND RACE!!Total population!!Not Hispanic or Latino!!Two or more races!!Two races including Some other race"
"CP05_2015_085E","2015 Estimate!!HISPANIC OR LATINO AND RACE!!Total population!!Not Hispanic or Latino!!Two or more races!!Two races excluding Some other race, and Three or more races"
"CP05_2015_086E","2015 Estimate!!HISPANIC OR LATINO AND RACE!!Total housing units"
"CP05_2015_087E","2015 Estimate!!CITIZEN, VOTING AGE POPULATION!!Citizen, 18 and over population"
"CP05_2015_088E","2015 Estimate!!CITIZEN, VOTING AGE POPULATION!!Citizen, 18 and over population!!Male"
"CP05_2015_089E","2015 Estimate!!CITIZEN, VOTING AGE POPULATION!!Citizen, 18 and over population!!Female"
"CP05_2016_001E","2016 Estimate!!SEX AND AGE!!Total population"
"CP05_2016_002E","2016 Estimate!!SEX AND AGE!!Total population!!Male"
"CP05_2016_003E","2016 Estimate!!SEX AND AGE!!Total population!!Female"
"CP05_2016_004E","2016 Estimate!!SEX AND AGE!!Total population!!Sex ratio (males per 100 females)"
"CP05_2016_005E","2016 Estimate!!SEX AND AGE!!Under 5 years"
"CP05_2016_006E","2016 Estimate!!SEX AND AGE!!5 to 9 years"
"CP05_2016_007E","2016 Estimate!!SEX AND AGE!!10 to 14 years"
"CP05_2016_008E","2016 Estimate!!SEX AND AGE!!15 to 19 years"
"CP05_2016_009E","2016 Estimate!!SEX AND AGE!!20 to 24 years"
"CP05_2016_010E","2016 Estimate!!SEX AND AGE!!25 to 34 years"
"CP05_2016_011E","2016 Estimate!!SEX AND AGE!!35 to 44 years"
"CP05_2016_012E","2016 Estimate!!SEX AND AGE!!45 to 54 years"
"CP05_2016_013E","2016 Estimate!!SEX AND AGE!!55 to 59 years"
"CP05_2016_014E","2016 Estimate!!SEX AND AGE!!60 to 64 years"
"CP05_2016_015E","2016 Estimate!!SEX AND AGE!!65 to 74 years"
"CP05_2016_016E","2016 Estimate!!SEX AND AGE!!75 to 84 years"
"CP05_2016_017E","2016 Estimate!!SEX AND AGE!!85 years and over"
"CP05_2016_018E","2016 Estimate!!SEX AND AGE!!Median age (years)"
"CP05_2016_019E","2016 Estimate!!SEX AND AGE!!Under 18 years"
"CP05_2016_020E","2016 Estimate!!SEX AND AGE!!16 years and over"
"CP05_2016_021E","2016 Estimate!!SEX AND AGE!!18 years and over"
"CP05_2016_022E","2016 Estimate!!SEX AND AGE!!21 years and over"
"CP05_2016_023E","2016 Estimate!!SEX AND AGE!!62 years and over"
"CP05_2016_024E","2016 Estimate!!SEX AND AGE!!65 years and over"
"CP05_2016_025E","2016 Estimate!!SEX AND AGE!!18 years and over"
"CP05_2016_026E","2016 Estimate!!SEX AND AGE!!18 years and over!!Male"
"CP05_2016_027E","2016 Estimate!!SEX AND AGE!!18 years and over!!Female"
"CP05_2016_028E","2016 Estimate!!SEX AND AGE!!18 years and over!!Sex ratio (males per 100 females)"
"CP05_2016_029E","2016 Estimate!!SEX AND AGE!!65 years and over"
"CP05_2016_030E","2016 Estimate!!SEX AND AGE!!65 years and over!!Male"
"CP05_2016_031E","2016 Estimate!!SEX AND AGE!!65 years and over!!Female"
"CP05_2016_032E","2016 Estimate!!SEX AND AGE!!65 years and over!!Sex ratio (males per 100 females)"
"CP05_2016_033E","2016 Estimate!!RACE!!Total population"
"CP05_2016_034E","2016 Estimate!!RACE!!Total population!!One race"
"CP05_2016_035E","2016 Estimate!!RACE!!Total population!!Two or more races"
"CP05_2016_036E","2016 Estimate!!RACE!!One race"
"CP05_2016_037E","2016 Estimate!!RACE!!One race!!White"
"CP05_2016_038E","2016 Estimate!!RACE!!One race!!Black or African American"
"CP05_2016_039E","2016 Estimate!!RACE!!One race!!American Indian and Alaska Native"
"CP05_2016_040E","2016 Estimate!!RACE!!One race!!American Indian and Alaska Native!!Cherokee tribal grouping"
"CP05_2016_041E","2016 Estimate!!RACE!!One race!!American Indian and Alaska Native!!Chippewa tribal grouping"
"CP05_2016_042E","2016 Estimate!!RACE!!One race!!American Indian and Alaska Native!!Navajo tribal grouping"
"CP05_2016_043E","2016 Estimate!!RACE!!One race!!American Indian and Alaska Native!!Sioux tribal grouping"
"CP05_2016_044E","2016 Estimate!!RACE!!One race!!Asian"
"CP05_2016_045E","2016 Estimate!!RACE!!One race!!Asian!!Asian Indian"
"CP05_2016_046E","2016 Estimate!!RACE!!One race!!Asian!!Chinese"
"CP05_2016_047E","2016 Estimate!!RACE!!One race!!Asian!!Filipino"
"CP05_2016_048E","2016 Estimate!!RACE!!One race!!Asian!!Japanese"
"CP05_2016_049E","2016 Estimate!!RACE!!One race!!Asian!!Korean"
"CP05_2016_050E","2016 Estimate!!RACE!!One race!!Asian!!Vietnamese"
"CP05_2016_051E","2016 Estimate!!RACE!!One race!!Asian!!Other Asian"
"CP05_2016_052E","2016 Estimate!!RACE!!One race!!Native Hawaiian and Other Pacific Islander"
"CP05_2016_053E","2016 Estimate!!RACE!!One race!!Native Hawaiian and Other Pacific Islander!!Native Hawaiian"
"CP05_2016_054E","2016 Estimate!!RACE!!One race!!Native Hawaiian and Other Pacific Islander!!Guamanian or Chamorro"
"CP05_2016_055E","2016 Estimate!!RACE!!One race!!Native Hawaiian and Other Pacific Islander!!Samoan"
"CP05_2016_056E","2016 Estimate!!RACE!!One race!!Native Hawaiian and Other Pacific Islander!!Other Pacific Islander"
"CP05_2016_057E","2016 Estimate!!RACE!!One race!!Some other race"
"CP05_2016_058E","2016 Estimate!!RACE!!Two or more races"
"CP05_2016_059E","2016 Estimate!!RACE!!Two or more races!!White and Black or African American"
"CP05_2016_060E","2016 Estimate!!RACE!!Two or more races!!White and American Indian and Alaska Native"
"CP05_2016_061E","2016 Estimate!!RACE!!Two or more races!!White and Asian"
"CP05_2016_062E","2016 Estimate!!RACE!!Two or more races!!Black or African American and American Indian and Alaska Native"
"CP05_2016_063E","2016 Estimate!!RACE!!Race alone or in combination with one or more other races!!Total population"
"CP05_2016_064E","2016 Estimate!!RACE!!Race alone or in combination with one or more other races!!Total population!!White"
"CP05_2016_065E","2016 Estimate!!RACE!!Race alone or in combination with one or more other races!!Total population!!Black or African American"
"CP05_2016_066E","2016 Estimate!!RACE!!Race alone or in combination with one or more other races!!Total population!!American Indian and Alaska Native"
"CP05_2016_067E","2016 Estimate!!RACE!!Race alone or in combination with one or more other races!!Total population!!Asian"
"CP05_2016_068E","2016 Estimate!!RACE!!Race alone or in combination with one or more other races!!Total population!!Native Hawaiian and Other Pacific Islander"
"CP05_2016_069E","2016 Estimate!!RACE!!Race alone or in combination with one or more other races!!Total population!!Some other race"
"CP05_2016_070E","2016 Estimate!!HISPANIC OR LATINO AND RACE!!Total population"
"CP05_2016_071E","2016 Estimate!!HISPANIC OR LATINO AND RACE!!Total population!!Hispanic or Latino (of any race)"
"CP05_2016_072E","2016 Estimate!!HISPANIC OR LATINO AND RACE!!Total population!!Hispanic or Latino (of any race)!!Mexican"
"CP05_2016_073E","2016 Estimate!!HISPANIC OR LATINO AND RACE!!Total population!!Hispanic or Latino (of any race)!!Puerto Rican"
"CP05_2016_074E","2016 Estimate!!HISPANIC OR LATINO AND RACE!!Total population!!Hispanic or Latino (of any race)!!Cuban"
"CP05_2016_075E","2016 Estimate!!HISPANIC OR LATINO AND RACE!!Total population!!Hispanic or Latino (of any race)!!Other Hispanic or Latino"
"CP05_2016_076E","2016 Estimate!!HISPANIC OR LATINO AND RACE!!Total population!!Not Hispanic or Latino"
"CP05_2016_077E","2016 Estimate!!HISPANIC OR LATINO AND RACE!!Total population!!Not Hispanic or Latino!!White alone"
"CP05_2016_078E","2016 Estimate!!HISPANIC OR LATINO AND RACE!!Total population!!Not Hispanic or Latino!!Black or African American alone"
"CP05_2016_079E","2016 Estimate!!HISPANIC OR LATINO AND RACE!!Total population!!Not Hispanic or Latino!!American Indian and Alaska Native alone"
"CP05_2016_080E","2016 Estimate!!HISPANIC OR LATINO AND RACE!!Total population!!Not Hispanic or Latino!!Asian alone"
"CP05_2016_081E","2016 Estimate!!HISPANIC OR LATINO AND RACE!!Total population!!Not Hispanic or Latino!!Native Hawaiian and Other Pacific Islander alone"
"CP05_2016_082E","2016 Estimate!!HISPANIC OR LATINO AND RACE!!Total population!!Not Hispanic or Latino!!Some other race alone"
"CP05_2016_083E","2016 Estimate!!HISPANIC OR LATINO AND RACE!!Total population!!Not Hispanic or Latino!!Two or more races"
"CP05_2016_084E","2016 Estimate!!HISPANIC OR LATINO AND RACE!!Total population!!Not Hispanic or Latino!!Two or more races!!Two races including Some other race"
"CP05_2016_085E","2016 Estimate!!HISPANIC OR LATINO AND RACE!!Total population!!Not Hispanic or Latino!!Two or more races!!Two races excluding Some other race, and Three or more races"
"CP05_2016_086E","2016 Estimate!!HISPANIC OR LATINO AND RACE!!Total housing units"
"CP05_2016_087E","2016 Estimate!!CITIZEN, VOTING AGE POPULATION!!Citizen, 18 and over population"
"CP05_2016_088E","2016 Estimate!!CITIZEN, VOTING AGE POPULATION!!Citizen, 18 and over population!!Male"
"CP05_2016_089E","2016 Estimate!!CITIZEN, VOTING AGE POPULATION!!Citizen, 18 and over population!!Female"
"CP05_2017_001E","2017 Estimate!!SEX AND AGE!!Total population"
"CP05_2017_002E","2017 Estimate!!SEX AND AGE!!Total population!!Male"
"CP05_2017_003E","2017 Estimate!!SEX AND AGE!!Total population!!Female"
"CP05_2017_004E","2017 Estimate!!SEX AND AGE!!Total population!!Sex ratio (males per 100 females)"
"CP05_2017_005E","2017 Estimate!!SEX AND AGE!!Under 5 years"
"CP05_2017_006E","2017 Estimate!!SEX AND AGE!!5 to 9 years"
"CP05_2017_007E","2017 Estimate!!SEX AND AGE!!10 to 14 years"
"CP05_2017_008E","2017 Estimate!!SEX AND AGE!!15 to 19 years"
"CP05_2017_009E","2017 Estimate!!SEX AND AGE!!20 to 24 years"
"CP05_2017_010E","2017 Estimate!!SEX AND AGE!!25 to 34 years"
"CP05_2017_011E","2017 Estimate!!SEX AND AGE!!35 to 44 years"
"CP05_2017_012E","2017 Estimate!!SEX AND AGE!!45 to 54 years"
"CP05_2017_013E","2017 Estimate!!SEX AND AGE!!55 to 59 years"
"CP05_2017_014E","2017 Estimate!!SEX AND AGE!!60 to 64 years"
"CP05_2017_015E","2017 Estimate!!SEX AND AGE!!65 to 74 years"
"CP05_2017_016E","2017 Estimate!!SEX AND AGE!!75 to 84 years"
"CP05_2017_017E","2017 Estimate!!SEX AND AGE!!85 years and over"
"CP05_2017_018E","2017 Estimate!!SEX AND AGE!!Median age (years)"
"CP05_2017_019E","2017 Estimate!!SEX AND AGE!!Under 18 years"
"CP05_2017_020E","2017 Estimate!!SEX AND AGE!!16 years and over"
"CP05_2017_021E","2017 Estimate!!SEX AND AGE!!18 years and over"
"CP05_2017_022E","2017 Estimate!!SEX AND AGE!!21 years and over"
"CP05_2017_023E","2017 Estimate!!SEX AND AGE!!62 years and over"
"CP05_2017_024E","2017 Estimate!!SEX AND AGE!!65 years and over"
"CP05_2017_025E","2017 Estimate!!SEX AND AGE!!18 years and over"
"CP05_2017_026E","2017 Estimate!!SEX AND AGE!!18 years and over!!Male"
"CP05_2017_027E","2017 Estimate!!SEX AND AGE!!18 years and over!!Female"
"CP05_2017_028E","2017 Estimate!!SEX AND AGE!!18 years and over!!Sex ratio (males per 100 females)"
"CP05_2017_029E","2017 Estimate!!SEX AND AGE!!65 years and over"
"CP05_2017_030E","2017 Estimate!!SEX AND AGE!!65 years and over!!Male"
"CP05_2017_031E","2017 Estimate!!SEX AND AGE!!65 years and over!!Female"
"CP05_2017_032E","2017 Estimate!!SEX AND AGE!!65 years and over!!Sex ratio (males per 100 females)"
"CP05_2017_033E","2017 Estimate!!RACE!!Total population"
"CP05_2017_034E","2017 Estimate!!RACE!!Total population!!One race"
"CP05_2017_035E","2017 Estimate!!RACE!!Total population!!Two or more races"
"CP05_2017_036E","2017 Estimate!!RACE!!One race"
"CP05_2017_037E","2017 Estimate!!RACE!!One race!!White"
"CP05_2017_038E","2017 Estimate!!RACE!!One race!!Black or African American"
"CP05_2017_039E","2017 Estimate!!RACE!!One race!!American Indian and Alaska Native"
"CP05_2017_040E","2017 Estimate!!RACE!!One race!!American Indian and Alaska Native!!Cherokee tribal grouping"
"CP05_2017_041E","2017 Estimate!!RACE!!One race!!American Indian and Alaska Native!!Chippewa tribal grouping"
"CP05_2017_042E","2017 Estimate!!RACE!!One race!!American Indian and Alaska Native!!Navajo tribal grouping"
"CP05_2017_043E","2017 Estimate!!RACE!!One race!!American Indian and Alaska Native!!Sioux tribal grouping"
"CP05_2017_044E","2017 Estimate!!RACE!!One race!!Asian"
"CP05_2017_045E","2017 Estimate!!RACE!!One race!!Asian!!Asian Indian"
"CP05_2017_046E","2017 Estimate!!RACE!!One race!!Asian!!Chinese"
"CP05_2017_047E","2017 Estimate!!RACE!!One race!!Asian!!Filipino"
"CP05_2017_048E","2017 Estimate!!RACE!!One race!!Asian!!Japanese"
"CP05_2017_049E","2017 Estimate!!RACE!!One race!!Asian!!Korean"
"CP05_2017_050E","2017 Estimate!!RACE!!One race!!Asian!!Vietnamese"
"CP05_2017_051E","2017 Estimate!!RACE!!One race!!Asian!!Other Asian"
"CP05_2017_052E","2017 Estimate!!RACE!!One race!!Native Hawaiian and Other Pacific Islander"
"CP05_2017_053E","2017 Estimate!!RACE!!One race!!Native Hawaiian and Other Pacific Islander!!Native Hawaiian"
"CP05_2017_054E","2017 Estimate!!RACE!!One race!!Native Hawaiian and Other Pacific Islander!!Guamanian or Chamorro"
"CP05_2017_055E","2017 Estimate!!RACE!!One race!!Native Hawaiian and Other Pacific Islander!!Samoan"
"CP05_2017_056E","2017 Estimate!!RACE!!One race!!Native Hawaiian and Other Pacific Islander!!Other Pacific Islander"
"CP05_2017_057E","2017 Estimate!!RACE!!One race!!Some other race"
"CP05_2017_058E","2017 Estimate!!RACE!!Two or more races"
"CP05_2017_059E","2017 Estimate!!RACE!!Two or more races!!White and Black or African American"
"CP05_2017_060E","2017 Estimate!!RACE!!Two or more races!!White and American Indian and Alaska Native"
"CP05_2017_061E","2017 Estimate!!RACE!!Two or more races!!White and Asian"
"CP05_2017_062E","2017 Estimate!!RACE!!Two or more races!!Black or African American and American Indian and Alaska Native"
"CP05_2017_063E","2017 Estimate!!RACE!!Race alone or in combination with one or more other races!!Total population"
"CP05_2017_064E","2017 Estimate!!RACE!!Race alone or in combination with one or more other races!!Total population!!White"
"CP05_2017_065E","2017 Estimate!!RACE!!Race alone or in combination with one or more other races!!Total population!!Black or African American"
"CP05_2017_066E","2017 Estimate!!RACE!!Race alone or in combination with one or more other races!!Total population!!American Indian and Alaska Native"
"CP05_2017_067E","2017 Estimate!!RACE!!Race alone or in combination with one or more other races!!Total population!!Asian"
"CP05_2017_068E","2017 Estimate!!RACE!!Race alone or in combination with one or more other races!!Total population!!Native Hawaiian and Other Pacific Islander"
"CP05_2017_069E","2017 Estimate!!RACE!!Race alone or in combination with one or more other races!!Total population!!Some other race"
"CP05_2017_070E","2017 Estimate!!HISPANIC OR LATINO AND RACE!!Total population"
"CP05_2017_071E","2017 Estimate!!HISPANIC OR LATINO AND RACE!!Total population!!Hispanic or Latino (of any race)"
"CP05_2017_072E","2017 Estimate!!HISPANIC OR LATINO AND RACE!!Total population!!Hispanic or Latino (of any race)!!Mexican"
"CP05_2017_073E","2017 Estimate!!HISPANIC OR LATINO AND RACE!!Total population!!Hispanic or Latino (of any race)!!Puerto Rican"
"CP05_2017_074E","2017 Estimate!!HISPANIC OR LATINO AND RACE!!Total population!!Hispanic or Latino (of any race)!!Cuban"
"CP05_2017_075E","2017 Estimate!!HISPANIC OR LATINO AND RACE!!Total population!!Hispanic or Latino (of any race)!!Other Hispanic or Latino"
"CP05_2017_076E","2017 Estimate!!HISPANIC OR LATINO AND RACE!!Total population!!Not Hispanic or Latino"
"CP05_2017_077E","2017 Estimate!!HISPANIC OR LATINO AND RACE!!Total population!!Not Hispanic or Latino!!White alone"
"CP05_2017_078E","2017 Estimate!!HISPANIC OR LATINO AND RACE!!Total population!!Not Hispanic or Latino!!Black or African American alone"
"CP05_2017_079E","2017 Estimate!!HISPANIC OR LATINO AND RACE!!Total population!!Not Hispanic or Latino!!American Indian and Alaska Native alone"
"CP05_2017_080E","2017 Estimate!!HISPANIC OR LATINO AND RACE!!Total population!!Not Hispanic or Latino!!Asian alone"
"CP05_2017_081E","2017 Estimate!!HISPANIC OR LATINO AND RACE!!Total population!!Not Hispanic or Latino!!Native Hawaiian and Other Pacific Islander alone"
"CP05_2017_082E","2017 Estimate!!HISPANIC OR LATINO AND RACE!!Total population!!Not Hispanic or Latino!!Some other race alone"
"CP05_2017_083E","2017 Estimate!!HISPANIC OR LATINO AND RACE!!Total population!!Not Hispanic or Latino!!Two or more races"
"CP05_2017_084E","2017 Estimate!!HISPANIC OR LATINO AND RACE!!Total population!!Not Hispanic or Latino!!Two or more races!!Two races including Some other race"
"CP05_2017_085E","2017 Estimate!!HISPANIC OR LATINO AND RACE!!Total population!!Not Hispanic or Latino!!Two or more races!!Two races excluding Some other race, and Three or more races"
"CP05_2017_086E","2017 Estimate!!HISPANIC OR LATINO AND RACE!!Total housing units"
"CP05_2017_087E","2017 Estimate!!CITIZEN, VOTING AGE POPULATION!!Citizen, 18 and over population"
"CP05_2017_088E","2017 Estimate!!CITIZEN, VOTING AGE POPULATION!!Citizen, 18 and over population!!Male"
"CP05_2017_089E","2017 Estimate!!CITIZEN, VOTING AGE POPULATION!!Citizen, 18 and over population!!Female"
"CP05_2017to2013_001SS","2017 - 2013 Statistical Significance!!SEX AND AGE!!Total population"
"CP05_2017to2013_002SS","2017 - 2013 Statistical Significance!!SEX AND AGE!!Total population!!Male"
"CP05_2017to2013_003SS","2017 - 2013 Statistical Significance!!SEX AND AGE!!Total population!!Female"
"CP05_2017to2013_004SS","2017 - 2013 Statistical Significance!!SEX AND AGE!!Total population!!Sex ratio (males per 100 females)"
"CP05_2017to2013_005SS","2017 - 2013 Statistical Significance!!SEX AND AGE!!Under 5 years"
"CP05_2017to2013_006SS","2017 - 2013 Statistical Significance!!SEX AND AGE!!5 to 9 years"
"CP05_2017to2013_007SS","2017 - 2013 Statistical Significance!!SEX AND AGE!!10 to 14 years"
"CP05_2017to2013_008SS","2017 - 2013 Statistical Significance!!SEX AND AGE!!15 to 19 years"
"CP05_2017to2013_009SS","2017 - 2013 Statistical Significance!!SEX AND AGE!!20 to 24 years"
"CP05_2017to2013_010SS","2017 - 2013 Statistical Significance!!SEX AND AGE!!25 to 34 years"
"CP05_2017to2013_011SS","2017 - 2013 Statistical Significance!!SEX AND AGE!!35 to 44 years"
"CP05_2017to2013_012SS","2017 - 2013 Statistical Significance!!SEX AND AGE!!45 to 54 years"
"CP05_2017to2013_013SS","2017 - 2013 Statistical Significance!!SEX AND AGE!!55 to 59 years"
"CP05_2017to2013_014SS","2017 - 2013 Statistical Significance!!SEX AND AGE!!60 to 64 years"
"CP05_2017to2013_015SS","2017 - 2013 Statistical Significance!!SEX AND AGE!!65 to 74 years"
"CP05_2017to2013_016SS","2017 - 2013 Statistical Significance!!SEX AND AGE!!75 to 84 years"
"CP05_2017to2013_017SS","2017 - 2013 Statistical Significance!!SEX AND AGE!!85 years and over"
"CP05_2017to2013_018SS","2017 - 2013 Statistical Significance!!SEX AND AGE!!Median age (years)"
"CP05_2017to2013_019SS","2017 - 2013 Statistical Significance!!SEX AND AGE!!Under 18 years"
"CP05_2017to2013_020SS","2017 - 2013 Statistical Significance!!SEX AND AGE!!16 years and over"
"CP05_2017to2013_021SS","2017 - 2013 Statistical Significance!!SEX AND AGE!!18 years and over"
"CP05_2017to2013_022SS","2017 - 2013 Statistical Significance!!SEX AND AGE!!21 years and over"
"CP05_2017to2013_023SS","2017 - 2013 Statistical Significance!!SEX AND AGE!!62 years and over"
"CP05_2017to2013_024SS","2017 - 2013 Statistical Significance!!SEX AND AGE!!65 years and over"
"CP05_2017to2013_025SS","2017 - 2013 Statistical Significance!!SEX AND AGE!!18 years and over"
"CP05_2017to2013_026SS","2017 - 2013 Statistical Significance!!SEX AND AGE!!18 years and over!!Male"
"CP05_2017to2013_027SS","2017 - 2013 Statistical Significance!!SEX AND AGE!!18 years and over!!Female"
"CP05_2017to2013_028SS","2017 - 2013 Statistical Significance!!SEX AND AGE!!18 years and over!!Sex ratio (males per 100 females)"
"CP05_2017to2013_029SS","2017 - 2013 Statistical Significance!!SEX AND AGE!!65 years and over"
"CP05_2017to2013_030SS","2017 - 2013 Statistical Significance!!SEX AND AGE!!65 years and over!!Male"
"CP05_2017to2013_031SS","2017 - 2013 Statistical Significance!!SEX AND AGE!!65 years and over!!Female"
"CP05_2017to2013_032SS","2017 - 2013 Statistical Significance!!SEX AND AGE!!65 years and over!!Sex ratio (males per 100 females)"
"CP05_2017to2013_033SS","2017 - 2013 Statistical Significance!!RACE!!Total population"
"CP05_2017to2013_034SS","2017 - 2013 Statistical Significance!!RACE!!Total population!!One race"
"CP05_2017to2013_035SS","2017 - 2013 Statistical Significance!!RACE!!Total population!!Two or more races"
"CP05_2017to2013_036SS","2017 - 2013 Statistical Significance!!RACE!!One race"
"CP05_2017to2013_037SS","2017 - 2013 Statistical Significance!!RACE!!One race!!White"
"CP05_2017to2013_038SS","2017 - 2013 Statistical Significance!!RACE!!One race!!Black or African American"
"CP05_2017to2013_039SS","2017 - 2013 Statistical Significance!!RACE!!One race!!American Indian and Alaska Native"
"CP05_2017to2013_040SS","2017 - 2013 Statistical Significance!!RACE!!One race!!American Indian and Alaska Native!!Cherokee tribal grouping"
"CP05_2017to2013_041SS","2017 - 2013 Statistical Significance!!RACE!!One race!!American Indian and Alaska Native!!Chippewa tribal grouping"
"CP05_2017to2013_042SS","2017 - 2013 Statistical Significance!!RACE!!One race!!American Indian and Alaska Native!!Navajo tribal grouping"
"CP05_2017to2013_043SS","2017 - 2013 Statistical Significance!!RACE!!One race!!American Indian and Alaska Native!!Sioux tribal grouping"
"CP05_2017to2013_044SS","2017 - 2013 Statistical Significance!!RACE!!One race!!Asian"
"CP05_2017to2013_045SS","2017 - 2013 Statistical Significance!!RACE!!One race!!Asian!!Asian Indian"
"CP05_2017to2013_046SS","2017 - 2013 Statistical Significance!!RACE!!One race!!Asian!!Chinese"
"CP05_2017to2013_047SS","2017 - 2013 Statistical Significance!!RACE!!One race!!Asian!!Filipino"
"CP05_2017to2013_048SS","2017 - 2013 Statistical Significance!!RACE!!One race!!Asian!!Japanese"
"CP05_2017to2013_049SS","2017 - 2013 Statistical Significance!!RACE!!One race!!Asian!!Korean"
"CP05_2017to2013_050SS","2017 - 2013 Statistical Significance!!RACE!!One race!!Asian!!Vietnamese"
"CP05_2017to2013_051SS","2017 - 2013 Statistical Significance!!RACE!!One race!!Asian!!Other Asian"
"CP05_2017to2013_052SS","2017 - 2013 Statistical Significance!!RACE!!One race!!Native Hawaiian and Other Pacific Islander"
"CP05_2017to2013_053SS","2017 - 2013 Statistical Significance!!RACE!!One race!!Native Hawaiian and Other Pacific Islander!!Native Hawaiian"
"CP05_2017to2013_054SS","2017 - 2013 Statistical Significance!!RACE!!One race!!Native Hawaiian and Other Pacific Islander!!Guamanian or Chamorro"
"CP05_2017to2013_055SS","2017 - 2013 Statistical Significance!!RACE!!One race!!Native Hawaiian and Other Pacific Islander!!Samoan"
"CP05_2017to2013_056SS","2017 - 2013 Statistical Significance!!RACE!!One race!!Native Hawaiian and Other Pacific Islander!!Other Pacific Islander"
"CP05_2017to2013_057SS","2017 - 2013 Statistical Significance!!RACE!!One race!!Some other race"
"CP05_2017to2013_058SS","2017 - 2013 Statistical Significance!!RACE!!Two or more races"
"CP05_2017to2013_059SS","2017 - 2013 Statistical Significance!!RACE!!Two or more races!!White and Black or African American"
"CP05_2017to2013_060SS","2017 - 2013 Statistical Significance!!RACE!!Two or more races!!White and American Indian and Alaska Native"
"CP05_2017to2013_061SS","2017 - 2013 Statistical Significance!!RACE!!Two or more races!!White and Asian"
"CP05_2017to2013_062SS","2017 - 2013 Statistical Significance!!RACE!!Two or more races!!Black or African American and American Indian and Alaska Native"
"CP05_2017to2013_063SS","2017 - 2013 Statistical Significance!!RACE!!Race alone or in combination with one or more other races!!Total population"
"CP05_2017to2013_064SS","2017 - 2013 Statistical Significance!!RACE!!Race alone or in combination with one or more other races!!Total population!!White"
"CP05_2017to2013_065SS","2017 - 2013 Statistical Significance!!RACE!!Race alone or in combination with one or more other races!!Total population!!Black or African American"
"CP05_2017to2013_066SS","2017 - 2013 Statistical Significance!!RACE!!Race alone or in combination with one or more other races!!Total population!!American Indian and Alaska Native"
"CP05_2017to2013_067SS","2017 - 2013 Statistical Significance!!RACE!!Race alone or in combination with one or more other races!!Total population!!Asian"
"CP05_2017to2013_068SS","2017 - 2013 Statistical Significance!!RACE!!Race alone or in combination with one or more other races!!Total population!!Native Hawaiian and Other Pacific Islander"
"CP05_2017to2013_069SS","2017 - 2013 Statistical Significance!!RACE!!Race alone or in combination with one or more other races!!Total population!!Some other race"
"CP05_2017to2013_070SS","2017 - 2013 Statistical Significance!!HISPANIC OR LATINO AND RACE!!Total population"
"CP05_2017to2013_071SS","2017 - 2013 Statistical Significance!!HISPANIC OR LATINO AND RACE!!Total population!!Hispanic or Latino (of any race)"
"CP05_2017to2013_072SS","2017 - 2013 Statistical Significance!!HISPANIC OR LATINO AND RACE!!Total population!!Hispanic or Latino (of any race)!!Mexican"
"CP05_2017to2013_073SS","2017 - 2013 Statistical Significance!!HISPANIC OR LATINO AND RACE!!Total population!!Hispanic or Latino (of any race)!!Puerto Rican"
"CP05_2017to2013_074SS","2017 - 2013 Statistical Significance!!HISPANIC OR LATINO AND RACE!!Total population!!Hispanic or Latino (of any race)!!Cuban"
"CP05_2017to2013_075SS","2017 - 2013 Statistical Significance!!HISPANIC OR LATINO AND RACE!!Total population!!Hispanic or Latino (of any race)!!Other Hispanic or Latino"
"CP05_2017to2013_076SS","2017 - 2013 Statistical Significance!!HISPANIC OR LATINO AND RACE!!Total population!!Not Hispanic or Latino"
"CP05_2017to2013_077SS","2017 - 2013 Statistical Significance!!HISPANIC OR LATINO AND RACE!!Total population!!Not Hispanic or Latino!!White alone"
"CP05_2017to2013_078SS","2017 - 2013 Statistical Significance!!HISPANIC OR LATINO AND RACE!!Total population!!Not Hispanic or Latino!!Black or African American alone"
"CP05_2017to2013_079SS","2017 - 2013 Statistical Significance!!HISPANIC OR LATINO AND RACE!!Total population!!Not Hispanic or Latino!!American Indian and Alaska Native alone"
"CP05_2017to2013_080SS","2017 - 2013 Statistical Significance!!HISPANIC OR LATINO AND RACE!!Total population!!Not Hispanic or Latino!!Asian alone"
"CP05_2017to2013_081SS","2017 - 2013 Statistical Significance!!HISPANIC OR LATINO AND RACE!!Total population!!Not Hispanic or Latino!!Native Hawaiian and Other Pacific Islander alone"
"CP05_2017to2013_082SS","2017 - 2013 Statistical Significance!!HISPANIC OR LATINO AND RACE!!Total population!!Not Hispanic or Latino!!Some other race alone"
"CP05_2017to2013_083SS","2017 - 2013 Statistical Significance!!HISPANIC OR LATINO AND RACE!!Total population!!Not Hispanic or Latino!!Two or more races"
"CP05_2017to2013_084SS","2017 - 2013 Statistical Significance!!HISPANIC OR LATINO AND RACE!!Total population!!Not Hispanic or Latino!!Two or more races!!Two races including Some other race"
"CP05_2017to2013_085SS","2017 - 2013 Statistical Significance!!HISPANIC OR LATINO AND RACE!!Total population!!Not Hispanic or Latino!!Two or more races!!Two races excluding Some other race, and Three or more races"
"CP05_2017to2013_086SS","2017 - 2013 Statistical Significance!!HISPANIC OR LATINO AND RACE!!Total housing units"
"CP05_2017to2013_087SS","2017 - 2013 Statistical Significance!!CITIZEN, VOTING AGE POPULATION!!Citizen, 18 and over population"
"CP05_2017to2013_088SS","2017 - 2013 Statistical Significance!!CITIZEN, VOTING AGE POPULATION!!Citizen, 18 and over population!!Male"
"CP05_2017to2013_089SS","2017 - 2013 Statistical Significance!!CITIZEN, VOTING AGE POPULATION!!Citizen, 18 and over population!!Female"
"CP05_2017to2014_001SS","2017 - 2014 Statistical Significance!!SEX AND AGE!!Total population"
"CP05_2017to2014_002SS","2017 - 2014 Statistical Significance!!SEX AND AGE!!Total population!!Male"
"CP05_2017to2014_003SS","2017 - 2014 Statistical Significance!!SEX AND AGE!!Total population!!Female"
"CP05_2017to2014_004SS","2017 - 2014 Statistical Significance!!SEX AND AGE!!Total population!!Sex ratio (males per 100 females)"
"CP05_2017to2014_005SS","2017 - 2014 Statistical Significance!!SEX AND AGE!!Under 5 years"
"CP05_2017to2014_006SS","2017 - 2014 Statistical Significance!!SEX AND AGE!!5 to 9 years"
"CP05_2017to2014_007SS","2017 - 2014 Statistical Significance!!SEX AND AGE!!10 to 14 years"
"CP05_2017to2014_008SS","2017 - 2014 Statistical Significance!!SEX AND AGE!!15 to 19 years"
"CP05_2017to2014_009SS","2017 - 2014 Statistical Significance!!SEX AND AGE!!20 to 24 years"
"CP05_2017to2014_010SS","2017 - 2014 Statistical Significance!!SEX AND AGE!!25 to 34 years"
"CP05_2017to2014_011SS","2017 - 2014 Statistical Significance!!SEX AND AGE!!35 to 44 years"
"CP05_2017to2014_012SS","2017 - 2014 Statistical Significance!!SEX AND AGE!!45 to 54 years"
"CP05_2017to2014_013SS","2017 - 2014 Statistical Significance!!SEX AND AGE!!55 to 59 years"
"CP05_2017to2014_014SS","2017 - 2014 Statistical Significance!!SEX AND AGE!!60 to 64 years"
"CP05_2017to2014_015SS","2017 - 2014 Statistical Significance!!SEX AND AGE!!65 to 74 years"
"CP05_2017to2014_016SS","2017 - 2014 Statistical Significance!!SEX AND AGE!!75 to 84 years"
"CP05_2017to2014_017SS","2017 - 2014 Statistical Significance!!SEX AND AGE!!85 years and over"
"CP05_2017to2014_018SS","2017 - 2014 Statistical Significance!!SEX AND AGE!!Median age (years)"
"CP05_2017to2014_019SS","2017 - 2014 Statistical Significance!!SEX AND AGE!!Under 18 years"
"CP05_2017to2014_020SS","2017 - 2014 Statistical Significance!!SEX AND AGE!!16 years and over"
"CP05_2017to2014_021SS","2017 - 2014 Statistical Significance!!SEX AND AGE!!18 years and over"
"CP05_2017to2014_022SS","2017 - 2014 Statistical Significance!!SEX AND AGE!!21 years and over"
"CP05_2017to2014_023SS","2017 - 2014 Statistical Significance!!SEX AND AGE!!62 years and over"
"CP05_2017to2014_024SS","2017 - 2014 Statistical Significance!!SEX AND AGE!!65 years and over"
"CP05_2017to2014_025SS","2017 - 2014 Statistical Significance!!SEX AND AGE!!18 years and over"
"CP05_2017to2014_026SS","2017 - 2014 Statistical Significance!!SEX AND AGE!!18 years and over!!Male"
"CP05_2017to2014_027SS","2017 - 2014 Statistical Significance!!SEX AND AGE!!18 years and over!!Female"
"CP05_2017to2014_028SS","2017 - 2014 Statistical Significance!!SEX AND AGE!!18 years and over!!Sex ratio (males per 100 females)"
"CP05_2017to2014_029SS","2017 - 2014 Statistical Significance!!SEX AND AGE!!65 years and over"
"CP05_2017to2014_030SS","2017 - 2014 Statistical Significance!!SEX AND AGE!!65 years and over!!Male"
"CP05_2017to2014_031SS","2017 - 2014 Statistical Significance!!SEX AND AGE!!65 years and over!!Female"
"CP05_2017to2014_032SS","2017 - 2014 Statistical Significance!!SEX AND AGE!!65 years and over!!Sex ratio (males per 100 females)"
"CP05_2017to2014_033SS","2017 - 2014 Statistical Significance!!RACE!!Total population"
"CP05_2017to2014_034SS","2017 - 2014 Statistical Significance!!RACE!!Total population!!One race"
"CP05_2017to2014_035SS","2017 - 2014 Statistical Significance!!RACE!!Total population!!Two or more races"
"CP05_2017to2014_036SS","2017 - 2014 Statistical Significance!!RACE!!One race"
"CP05_2017to2014_037SS","2017 - 2014 Statistical Significance!!RACE!!One race!!White"
"CP05_2017to2014_038SS","2017 - 2014 Statistical Significance!!RACE!!One race!!Black or African American"
"CP05_2017to2014_039SS","2017 - 2014 Statistical Significance!!RACE!!One race!!American Indian and Alaska Native"
"CP05_2017to2014_040SS","2017 - 2014 Statistical Significance!!RACE!!One race!!American Indian and Alaska Native!!Cherokee tribal grouping"
"CP05_2017to2014_041SS","2017 - 2014 Statistical Significance!!RACE!!One race!!American Indian and Alaska Native!!Chippewa tribal grouping"
"CP05_2017to2014_042SS","2017 - 2014 Statistical Significance!!RACE!!One race!!American Indian and Alaska Native!!Navajo tribal grouping"
"CP05_2017to2014_043SS","2017 - 2014 Statistical Significance!!RACE!!One race!!American Indian and Alaska Native!!Sioux tribal grouping"
"CP05_2017to2014_044SS","2017 - 2014 Statistical Significance!!RACE!!One race!!Asian"
"CP05_2017to2014_045SS","2017 - 2014 Statistical Significance!!RACE!!One race!!Asian!!Asian Indian"
"CP05_2017to2014_046SS","2017 - 2014 Statistical Significance!!RACE!!One race!!Asian!!Chinese"
"CP05_2017to2014_047SS","2017 - 2014 Statistical Significance!!RACE!!One race!!Asian!!Filipino"
"CP05_2017to2014_048SS","2017 - 2014 Statistical Significance!!RACE!!One race!!Asian!!Japanese"
"CP05_2017to2014_049SS","2017 - 2014 Statistical Significance!!RACE!!One race!!Asian!!Korean"
"CP05_2017to2014_050SS","2017 - 2014 Statistical Significance!!RACE!!One race!!Asian!!Vietnamese"
"CP05_2017to2014_051SS","2017 - 2014 Statistical Significance!!RACE!!One race!!Asian!!Other Asian"
"CP05_2017to2014_052SS","2017 - 2014 Statistical Significance!!RACE!!One race!!Native Hawaiian and Other Pacific Islander"
"CP05_2017to2014_053SS","2017 - 2014 Statistical Significance!!RACE!!One race!!Native Hawaiian and Other Pacific Islander!!Native Hawaiian"
"CP05_2017to2014_054SS","2017 - 2014 Statistical Significance!!RACE!!One race!!Native Hawaiian and Other Pacific Islander!!Guamanian or Chamorro"
"CP05_2017to2014_055SS","2017 - 2014 Statistical Significance!!RACE!!One race!!Native Hawaiian and Other Pacific Islander!!Samoan"
"CP05_2017to2014_056SS","2017 - 2014 Statistical Significance!!RACE!!One race!!Native Hawaiian and Other Pacific Islander!!Other Pacific Islander"
"CP05_2017to2014_057SS","2017 - 2014 Statistical Significance!!RACE!!One race!!Some other race"
"CP05_2017to2014_058SS","2017 - 2014 Statistical Significance!!RACE!!Two or more races"
"CP05_2017to2014_059SS","2017 - 2014 Statistical Significance!!RACE!!Two or more races!!White and Black or African American"
"CP05_2017to2014_060SS","2017 - 2014 Statistical Significance!!RACE!!Two or more races!!White and American Indian and Alaska Native"
"CP05_2017to2014_061SS","2017 - 2014 Statistical Significance!!RACE!!Two or more races!!White and Asian"
"CP05_2017to2014_062SS","2017 - 2014 Statistical Significance!!RACE!!Two or more races!!Black or African American and American Indian and Alaska Native"
"CP05_2017to2014_063SS","2017 - 2014 Statistical Significance!!RACE!!Race alone or in combination with one or more other races!!Total population"
"CP05_2017to2014_064SS","2017 - 2014 Statistical Significance!!RACE!!Race alone or in combination with one or more other races!!Total population!!White"
"CP05_2017to2014_065SS","2017 - 2014 Statistical Significance!!RACE!!Race alone or in combination with one or more other races!!Total population!!Black or African American"
"CP05_2017to2014_066SS","2017 - 2014 Statistical Significance!!RACE!!Race alone or in combination with one or more other races!!Total population!!American Indian and Alaska Native"
"CP05_2017to2014_067SS","2017 - 2014 Statistical Significance!!RACE!!Race alone or in combination with one or more other races!!Total population!!Asian"
"CP05_2017to2014_068SS","2017 - 2014 Statistical Significance!!RACE!!Race alone or in combination with one or more other races!!Total population!!Native Hawaiian and Other Pacific Islander"
"CP05_2017to2014_069SS","2017 - 2014 Statistical Significance!!RACE!!Race alone or in combination with one or more other races!!Total population!!Some other race"
"CP05_2017to2014_070SS","2017 - 2014 Statistical Significance!!HISPANIC OR LATINO AND RACE!!Total population"
"CP05_2017to2014_071SS","2017 - 2014 Statistical Significance!!HISPANIC OR LATINO AND RACE!!Total population!!Hispanic or Latino (of any race)"
"CP05_2017to2014_072SS","2017 - 2014 Statistical Significance!!HISPANIC OR LATINO AND RACE!!Total population!!Hispanic or Latino (of any race)!!Mexican"
"CP05_2017to2014_073SS","2017 - 2014 Statistical Significance!!HISPANIC OR LATINO AND RACE!!Total population!!Hispanic or Latino (of any race)!!Puerto Rican"
"CP05_2017to2014_074SS","2017 - 2014 Statistical Significance!!HISPANIC OR LATINO AND RACE!!Total population!!Hispanic or Latino (of any race)!!Cuban"
"CP05_2017to2014_075SS","2017 - 2014 Statistical Significance!!HISPANIC OR LATINO AND RACE!!Total population!!Hispanic or Latino (of any race)!!Other Hispanic or Latino"
"CP05_2017to2014_076SS","2017 - 2014 Statistical Significance!!HISPANIC OR LATINO AND RACE!!Total population!!Not Hispanic or Latino"
"CP05_2017to2014_077SS","2017 - 2014 Statistical Significance!!HISPANIC OR LATINO AND RACE!!Total population!!Not Hispanic or Latino!!White alone"
"CP05_2017to2014_078SS","2017 - 2014 Statistical Significance!!HISPANIC OR LATINO AND RACE!!Total population!!Not Hispanic or Latino!!Black or African American alone"
"CP05_2017to2014_079SS","2017 - 2014 Statistical Significance!!HISPANIC OR LATINO AND RACE!!Total population!!Not Hispanic or Latino!!American Indian and Alaska Native alone"
"CP05_2017to2014_080SS","2017 - 2014 Statistical Significance!!HISPANIC OR LATINO AND RACE!!Total population!!Not Hispanic or Latino!!Asian alone"
"CP05_2017to2014_081SS","2017 - 2014 Statistical Significance!!HISPANIC OR LATINO AND RACE!!Total population!!Not Hispanic or Latino!!Native Hawaiian and Other Pacific Islander alone"
"CP05_2017to2014_082SS","2017 - 2014 Statistical Significance!!HISPANIC OR LATINO AND RACE!!Total population!!Not Hispanic or Latino!!Some other race alone"
"CP05_2017to2014_083SS","2017 - 2014 Statistical Significance!!HISPANIC OR LATINO AND RACE!!Total population!!Not Hispanic or Latino!!Two or more races"
"CP05_2017to2014_084SS","2017 - 2014 Statistical Significance!!HISPANIC OR LATINO AND RACE!!Total population!!Not Hispanic or Latino!!Two or more races!!Two races including Some other race"
"CP05_2017to2014_085SS","2017 - 2014 Statistical Significance!!HISPANIC OR LATINO AND RACE!!Total population!!Not Hispanic or Latino!!Two or more races!!Two races excluding Some other race, and Three or more races"
"CP05_2017to2014_086SS","2017 - 2014 Statistical Significance!!HISPANIC OR LATINO AND RACE!!Total housing units"
"CP05_2017to2014_087SS","2017 - 2014 Statistical Significance!!CITIZEN, VOTING AGE POPULATION!!Citizen, 18 and over population"
"CP05_2017to2014_088SS","2017 - 2014 Statistical Significance!!CITIZEN, VOTING AGE POPULATION!!Citizen, 18 and over population!!Male"
"CP05_2017to2014_089SS","2017 - 2014 Statistical Significance!!CITIZEN, VOTING AGE POPULATION!!Citizen, 18 and over population!!Female"
"CP05_2017to2015_001SS","2017 - 2015 Statistical Significance!!SEX AND AGE!!Total population"
"CP05_2017to2015_002SS","2017 - 2015 Statistical Significance!!SEX AND AGE!!Total population!!Male"
"CP05_2017to2015_003SS","2017 - 2015 Statistical Significance!!SEX AND AGE!!Total population!!Female"
"CP05_2017to2015_004SS","2017 - 2015 Statistical Significance!!SEX AND AGE!!Total population!!Sex ratio (males per 100 females)"
"CP05_2017to2015_005SS","2017 - 2015 Statistical Significance!!SEX AND AGE!!Under 5 years"
"CP05_2017to2015_006SS","2017 - 2015 Statistical Significance!!SEX AND AGE!!5 to 9 years"
"CP05_2017to2015_007SS","2017 - 2015 Statistical Significance!!SEX AND AGE!!10 to 14 years"
"CP05_2017to2015_008SS","2017 - 2015 Statistical Significance!!SEX AND AGE!!15 to 19 years"
"CP05_2017to2015_009SS","2017 - 2015 Statistical Significance!!SEX AND AGE!!20 to 24 years"
"CP05_2017to2015_010SS","2017 - 2015 Statistical Significance!!SEX AND AGE!!25 to 34 years"
"CP05_2017to2015_011SS","2017 - 2015 Statistical Significance!!SEX AND AGE!!35 to 44 years"
"CP05_2017to2015_012SS","2017 - 2015 Statistical Significance!!SEX AND AGE!!45 to 54 years"
"CP05_2017to2015_013SS","2017 - 2015 Statistical Significance!!SEX AND AGE!!55 to 59 years"
"CP05_2017to2015_014SS","2017 - 2015 Statistical Significance!!SEX AND AGE!!60 to 64 years"
"CP05_2017to2015_015SS","2017 - 2015 Statistical Significance!!SEX AND AGE!!65 to 74 years"
"CP05_2017to2015_016SS","2017 - 2015 Statistical Significance!!SEX AND AGE!!75 to 84 years"
"CP05_2017to2015_017SS","2017 - 2015 Statistical Significance!!SEX AND AGE!!85 years and over"
"CP05_2017to2015_018SS","2017 - 2015 Statistical Significance!!SEX AND AGE!!Median age (years)"
"CP05_2017to2015_019SS","2017 - 2015 Statistical Significance!!SEX AND AGE!!Under 18 years"
"CP05_2017to2015_020SS","2017 - 2015 Statistical Significance!!SEX AND AGE!!16 years and over"
"CP05_2017to2015_021SS","2017 - 2015 Statistical Significance!!SEX AND AGE!!18 years and over"
"CP05_2017to2015_022SS","2017 - 2015 Statistical Significance!!SEX AND AGE!!21 years and over"
"CP05_2017to2015_023SS","2017 - 2015 Statistical Significance!!SEX AND AGE!!62 years and over"
"CP05_2017to2015_024SS","2017 - 2015 Statistical Significance!!SEX AND AGE!!65 years and over"
"CP05_2017to2015_025SS","2017 - 2015 Statistical Significance!!SEX AND AGE!!18 years and over"
"CP05_2017to2015_026SS","2017 - 2015 Statistical Significance!!SEX AND AGE!!18 years and over!!Male"
"CP05_2017to2015_027SS","2017 - 2015 Statistical Significance!!SEX AND AGE!!18 years and over!!Female"
"CP05_2017to2015_028SS","2017 - 2015 Statistical Significance!!SEX AND AGE!!18 years and over!!Sex ratio (males per 100 females)"
"CP05_2017to2015_029SS","2017 - 2015 Statistical Significance!!SEX AND AGE!!65 years and over"
"CP05_2017to2015_030SS","2017 - 2015 Statistical Significance!!SEX AND AGE!!65 years and over!!Male"
"CP05_2017to2015_031SS","2017 - 2015 Statistical Significance!!SEX AND AGE!!65 years and over!!Female"
"CP05_2017to2015_032SS","2017 - 2015 Statistical Significance!!SEX AND AGE!!65 years and over!!Sex ratio (males per 100 females)"
"CP05_2017to2015_033SS","2017 - 2015 Statistical Significance!!RACE!!Total population"
"CP05_2017to2015_034SS","2017 - 2015 Statistical Significance!!RACE!!Total population!!One race"
"CP05_2017to2015_035SS","2017 - 2015 Statistical Significance!!RACE!!Total population!!Two or more races"
"CP05_2017to2015_036SS","2017 - 2015 Statistical Significance!!RACE!!One race"
"CP05_2017to2015_037SS","2017 - 2015 Statistical Significance!!RACE!!One race!!White"
"CP05_2017to2015_038SS","2017 - 2015 Statistical Significance!!RACE!!One race!!Black or African American"
"CP05_2017to2015_039SS","2017 - 2015 Statistical Significance!!RACE!!One race!!American Indian and Alaska Native"
"CP05_2017to2015_040SS","2017 - 2015 Statistical Significance!!RACE!!One race!!American Indian and Alaska Native!!Cherokee tribal grouping"
"CP05_2017to2015_041SS","2017 - 2015 Statistical Significance!!RACE!!One race!!American Indian and Alaska Native!!Chippewa tribal grouping"
"CP05_2017to2015_042SS","2017 - 2015 Statistical Significance!!RACE!!One race!!American Indian and Alaska Native!!Navajo tribal grouping"
"CP05_2017to2015_043SS","2017 - 2015 Statistical Significance!!RACE!!One race!!American Indian and Alaska Native!!Sioux tribal grouping"
"CP05_2017to2015_044SS","2017 - 2015 Statistical Significance!!RACE!!One race!!Asian"
"CP05_2017to2015_045SS","2017 - 2015 Statistical Significance!!RACE!!One race!!Asian!!Asian Indian"
"CP05_2017to2015_046SS","2017 - 2015 Statistical Significance!!RACE!!One race!!Asian!!Chinese"
"CP05_2017to2015_047SS","2017 - 2015 Statistical Significance!!RACE!!One race!!Asian!!Filipino"
"CP05_2017to2015_048SS","2017 - 2015 Statistical Significance!!RACE!!One race!!Asian!!Japanese"
"CP05_2017to2015_049SS","2017 - 2015 Statistical Significance!!RACE!!One race!!Asian!!Korean"
"CP05_2017to2015_050SS","2017 - 2015 Statistical Significance!!RACE!!One race!!Asian!!Vietnamese"
"CP05_2017to2015_051SS","2017 - 2015 Statistical Significance!!RACE!!One race!!Asian!!Other Asian"
"CP05_2017to2015_052SS","2017 - 2015 Statistical Significance!!RACE!!One race!!Native Hawaiian and Other Pacific Islander"
"CP05_2017to2015_053SS","2017 - 2015 Statistical Significance!!RACE!!One race!!Native Hawaiian and Other Pacific Islander!!Native Hawaiian"
"CP05_2017to2015_054SS","2017 - 2015 Statistical Significance!!RACE!!One race!!Native Hawaiian and Other Pacific Islander!!Guamanian or Chamorro"
"CP05_2017to2015_055SS","2017 - 2015 Statistical Significance!!RACE!!One race!!Native Hawaiian and Other Pacific Islander!!Samoan"
"CP05_2017to2015_056SS","2017 - 2015 Statistical Significance!!RACE!!One race!!Native Hawaiian and Other Pacific Islander!!Other Pacific Islander"
"CP05_2017to2015_057SS","2017 - 2015 Statistical Significance!!RACE!!One race!!Some other race"
"CP05_2017to2015_058SS","2017 - 2015 Statistical Significance!!RACE!!Two or more races"
"CP05_2017to2015_059SS","2017 - 2015 Statistical Significance!!RACE!!Two or more races!!White and Black or African American"
"CP05_2017to2015_060SS","2017 - 2015 Statistical Significance!!RACE!!Two or more races!!White and American Indian and Alaska Native"
"CP05_2017to2015_061SS","2017 - 2015 Statistical Significance!!RACE!!Two or more races!!White and Asian"
"CP05_2017to2015_062SS","2017 - 2015 Statistical Significance!!RACE!!Two or more races!!Black or African American and American Indian and Alaska Native"
"CP05_2017to2015_063SS","2017 - 2015 Statistical Significance!!RACE!!Race alone or in combination with one or more other races!!Total population"
"CP05_2017to2015_064SS","2017 - 2015 Statistical Significance!!RACE!!Race alone or in combination with one or more other races!!Total population!!White"
"CP05_2017to2015_065SS","2017 - 2015 Statistical Significance!!RACE!!Race alone or in combination with one or more other races!!Total population!!Black or African American"
"CP05_2017to2015_066SS","2017 - 2015 Statistical Significance!!RACE!!Race alone or in combination with one or more other races!!Total population!!American Indian and Alaska Native"
"CP05_2017to2015_067SS","2017 - 2015 Statistical Significance!!RACE!!Race alone or in combination with one or more other races!!Total population!!Asian"
"CP05_2017to2015_068SS","2017 - 2015 Statistical Significance!!RACE!!Race alone or in combination with one or more other races!!Total population!!Native Hawaiian and Other Pacific Islander"
"CP05_2017to2015_069SS","2017 - 2015 Statistical Significance!!RACE!!Race alone or in combination with one or more other races!!Total population!!Some other race"
"CP05_2017to2015_070SS","2017 - 2015 Statistical Significance!!HISPANIC OR LATINO AND RACE!!Total population"
"CP05_2017to2015_071SS","2017 - 2015 Statistical Significance!!HISPANIC OR LATINO AND RACE!!Total population!!Hispanic or Latino (of any race)"
"CP05_2017to2015_072SS","2017 - 2015 Statistical Significance!!HISPANIC OR LATINO AND RACE!!Total population!!Hispanic or Latino (of any race)!!Mexican"
"CP05_2017to2015_073SS","2017 - 2015 Statistical Significance!!HISPANIC OR LATINO AND RACE!!Total population!!Hispanic or Latino (of any race)!!Puerto Rican"
"CP05_2017to2015_074SS","2017 - 2015 Statistical Significance!!HISPANIC OR LATINO AND RACE!!Total population!!Hispanic or Latino (of any race)!!Cuban"
"CP05_2017to2015_075SS","2017 - 2015 Statistical Significance!!HISPANIC OR LATINO AND RACE!!Total population!!Hispanic or Latino (of any race)!!Other Hispanic or Latino"
"CP05_2017to2015_076SS","2017 - 2015 Statistical Significance!!HISPANIC OR LATINO AND RACE!!Total population!!Not Hispanic or Latino"
"CP05_2017to2015_077SS","2017 - 2015 Statistical Significance!!HISPANIC OR LATINO AND RACE!!Total population!!Not Hispanic or Latino!!White alone"
"CP05_2017to2015_078SS","2017 - 2015 Statistical Significance!!HISPANIC OR LATINO AND RACE!!Total population!!Not Hispanic or Latino!!Black or African American alone"
"CP05_2017to2015_079SS","2017 - 2015 Statistical Significance!!HISPANIC OR LATINO AND RACE!!Total population!!Not Hispanic or Latino!!American Indian and Alaska Native alone"
"CP05_2017to2015_080SS","2017 - 2015 Statistical Significance!!HISPANIC OR LATINO AND RACE!!Total population!!Not Hispanic or Latino!!Asian alone"
"CP05_2017to2015_081SS","2017 - 2015 Statistical Significance!!HISPANIC OR LATINO AND RACE!!Total population!!Not Hispanic or Latino!!Native Hawaiian and Other Pacific Islander alone"
"CP05_2017to2015_082SS","2017 - 2015 Statistical Significance!!HISPANIC OR LATINO AND RACE!!Total population!!Not Hispanic or Latino!!Some other race alone"
"CP05_2017to2015_083SS","2017 - 2015 Statistical Significance!!HISPANIC OR LATINO AND RACE!!Total population!!Not Hispanic or Latino!!Two or more races"
"CP05_2017to2015_084SS","2017 - 2015 Statistical Significance!!HISPANIC OR LATINO AND RACE!!Total population!!Not Hispanic or Latino!!Two or more races!!Two races including Some other race"
"CP05_2017to2015_085SS","2017 - 2015 Statistical Significance!!HISPANIC OR LATINO AND RACE!!Total population!!Not Hispanic or Latino!!Two or more races!!Two races excluding Some other race, and Three or more races"
"CP05_2017to2015_086SS","2017 - 2015 Statistical Significance!!HISPANIC OR LATINO AND RACE!!Total housing units"
"CP05_2017to2015_087SS","2017 - 2015 Statistical Significance!!CITIZEN, VOTING AGE POPULATION!!Citizen, 18 and over population"
"CP05_2017to2015_088SS","2017 - 2015 Statistical Significance!!CITIZEN, VOTING AGE POPULATION!!Citizen, 18 and over population!!Male"
"CP05_2017to2015_089SS","2017 - 2015 Statistical Significance!!CITIZEN, VOTING AGE POPULATION!!Citizen, 18 and over population!!Female"
"CP05_2017to2016_001SS","2017 - 2016 Statistical Significance!!SEX AND AGE!!Total population"
"CP05_2017to2016_002SS","2017 - 2016 Statistical Significance!!SEX AND AGE!!Total population!!Male"
"CP05_2017to2016_003SS","2017 - 2016 Statistical Significance!!SEX AND AGE!!Total population!!Female"
"CP05_2017to2016_004SS","2017 - 2016 Statistical Significance!!SEX AND AGE!!Total population!!Sex ratio (males per 100 females)"
"CP05_2017to2016_005SS","2017 - 2016 Statistical Significance!!SEX AND AGE!!Under 5 years"
"CP05_2017to2016_006SS","2017 - 2016 Statistical Significance!!SEX AND AGE!!5 to 9 years"
"CP05_2017to2016_007SS","2017 - 2016 Statistical Significance!!SEX AND AGE!!10 to 14 years"
"CP05_2017to2016_008SS","2017 - 2016 Statistical Significance!!SEX AND AGE!!15 to 19 years"
"CP05_2017to2016_009SS","2017 - 2016 Statistical Significance!!SEX AND AGE!!20 to 24 years"
"CP05_2017to2016_010SS","2017 - 2016 Statistical Significance!!SEX AND AGE!!25 to 34 years"
"CP05_2017to2016_011SS","2017 - 2016 Statistical Significance!!SEX AND AGE!!35 to 44 years"
"CP05_2017to2016_012SS","2017 - 2016 Statistical Significance!!SEX AND AGE!!45 to 54 years"
"CP05_2017to2016_013SS","2017 - 2016 Statistical Significance!!SEX AND AGE!!55 to 59 years"
"CP05_2017to2016_014SS","2017 - 2016 Statistical Significance!!SEX AND AGE!!60 to 64 years"
"CP05_2017to2016_015SS","2017 - 2016 Statistical Significance!!SEX AND AGE!!65 to 74 years"
"CP05_2017to2016_016SS","2017 - 2016 Statistical Significance!!SEX AND AGE!!75 to 84 years"
"CP05_2017to2016_017SS","2017 - 2016 Statistical Significance!!SEX AND AGE!!85 years and over"
"CP05_2017to2016_018SS","2017 - 2016 Statistical Significance!!SEX AND AGE!!Median age (years)"
"CP05_2017to2016_019SS","2017 - 2016 Statistical Significance!!SEX AND AGE!!Under 18 years"
"CP05_2017to2016_020SS","2017 - 2016 Statistical Significance!!SEX AND AGE!!16 years and over"
"CP05_2017to2016_021SS","2017 - 2016 Statistical Significance!!SEX AND AGE!!18 years and over"
"CP05_2017to2016_022SS","2017 - 2016 Statistical Significance!!SEX AND AGE!!21 years and over"
"CP05_2017to2016_023SS","2017 - 2016 Statistical Significance!!SEX AND AGE!!62 years and over"
"CP05_2017to2016_024SS","2017 - 2016 Statistical Significance!!SEX AND AGE!!65 years and over"
"CP05_2017to2016_025SS","2017 - 2016 Statistical Significance!!SEX AND AGE!!18 years and over"
"CP05_2017to2016_026SS","2017 - 2016 Statistical Significance!!SEX AND AGE!!18 years and over!!Male"
"CP05_2017to2016_027SS","2017 - 2016 Statistical Significance!!SEX AND AGE!!18 years and over!!Female"
"CP05_2017to2016_028SS","2017 - 2016 Statistical Significance!!SEX AND AGE!!18 years and over!!Sex ratio (males per 100 females)"
"CP05_2017to2016_029SS","2017 - 2016 Statistical Significance!!SEX AND AGE!!65 years and over"
"CP05_2017to2016_030SS","2017 - 2016 Statistical Significance!!SEX AND AGE!!65 years and over!!Male"
"CP05_2017to2016_031SS","2017 - 2016 Statistical Significance!!SEX AND AGE!!65 years and over!!Female"
"CP05_2017to2016_032SS","2017 - 2016 Statistical Significance!!SEX AND AGE!!65 years and over!!Sex ratio (males per 100 females)"
"CP05_2017to2016_033SS","2017 - 2016 Statistical Significance!!RACE!!Total population"
"CP05_2017to2016_034SS","2017 - 2016 Statistical Significance!!RACE!!Total population!!One race"
"CP05_2017to2016_035SS","2017 - 2016 Statistical Significance!!RACE!!Total population!!Two or more races"
"CP05_2017to2016_036SS","2017 - 2016 Statistical Significance!!RACE!!One race"
"CP05_2017to2016_037SS","2017 - 2016 Statistical Significance!!RACE!!One race!!White"
"CP05_2017to2016_038SS","2017 - 2016 Statistical Significance!!RACE!!One race!!Black or African American"
"CP05_2017to2016_039SS","2017 - 2016 Statistical Significance!!RACE!!One race!!American Indian and Alaska Native"
"CP05_2017to2016_040SS","2017 - 2016 Statistical Significance!!RACE!!One race!!American Indian and Alaska Native!!Cherokee tribal grouping"
"CP05_2017to2016_041SS","2017 - 2016 Statistical Significance!!RACE!!One race!!American Indian and Alaska Native!!Chippewa tribal grouping"
"CP05_2017to2016_042SS","2017 - 2016 Statistical Significance!!RACE!!One race!!American Indian and Alaska Native!!Navajo tribal grouping"
"CP05_2017to2016_043SS","2017 - 2016 Statistical Significance!!RACE!!One race!!American Indian and Alaska Native!!Sioux tribal grouping"
"CP05_2017to2016_044SS","2017 - 2016 Statistical Significance!!RACE!!One race!!Asian"
"CP05_2017to2016_045SS","2017 - 2016 Statistical Significance!!RACE!!One race!!Asian!!Asian Indian"
"CP05_2017to2016_046SS","2017 - 2016 Statistical Significance!!RACE!!One race!!Asian!!Chinese"
"CP05_2017to2016_047SS","2017 - 2016 Statistical Significance!!RACE!!One race!!Asian!!Filipino"
"CP05_2017to2016_048SS","2017 - 2016 Statistical Significance!!RACE!!One race!!Asian!!Japanese"
"CP05_2017to2016_049SS","2017 - 2016 Statistical Significance!!RACE!!One race!!Asian!!Korean"
"CP05_2017to2016_050SS","2017 - 2016 Statistical Significance!!RACE!!One race!!Asian!!Vietnamese"
"CP05_2017to2016_051SS","2017 - 2016 Statistical Significance!!RACE!!One race!!Asian!!Other Asian"
"CP05_2017to2016_052SS","2017 - 2016 Statistical Significance!!RACE!!One race!!Native Hawaiian and Other Pacific Islander"
"CP05_2017to2016_053SS","2017 - 2016 Statistical Significance!!RACE!!One race!!Native Hawaiian and Other Pacific Islander!!Native Hawaiian"
"CP05_2017to2016_054SS","2017 - 2016 Statistical Significance!!RACE!!One race!!Native Hawaiian and Other Pacific Islander!!Guamanian or Chamorro"
"CP05_2017to2016_055SS","2017 - 2016 Statistical Significance!!RACE!!One race!!Native Hawaiian and Other Pacific Islander!!Samoan"
"CP05_2017to2016_056SS","2017 - 2016 Statistical Significance!!RACE!!One race!!Native Hawaiian and Other Pacific Islander!!Other Pacific Islander"
"CP05_2017to2016_057SS","2017 - 2016 Statistical Significance!!RACE!!One race!!Some other race"
"CP05_2017to2016_058SS","2017 - 2016 Statistical Significance!!RACE!!Two or more races"
"CP05_2017to2016_059SS","2017 - 2016 Statistical Significance!!RACE!!Two or more races!!White and Black or African American"
"CP05_2017to2016_060SS","2017 - 2016 Statistical Significance!!RACE!!Two or more races!!White and American Indian and Alaska Native"
"CP05_2017to2016_061SS","2017 - 2016 Statistical Significance!!RACE!!Two or more races!!White and Asian"
"CP05_2017to2016_062SS","2017 - 2016 Statistical Significance!!RACE!!Two or more races!!Black or African American and American Indian and Alaska Native"
"CP05_2017to2016_063SS","2017 - 2016 Statistical Significance!!RACE!!Race alone or in combination with one or more other races!!Total population"
"CP05_2017to2016_064SS","2017 - 2016 Statistical Significance!!RACE!!Race alone or in combination with one or more other races!!Total population!!White"
"CP05_2017to2016_065SS","2017 - 2016 Statistical Significance!!RACE!!Race alone or in combination with one or more other races!!Total population!!Black or African American"
"CP05_2017to2016_066SS","2017 - 2016 Statistical Significance!!RACE!!Race alone or in combination with one or more other races!!Total population!!American Indian and Alaska Native"
"CP05_2017to2016_067SS","2017 - 2016 Statistical Significance!!RACE!!Race alone or in combination with one or more other races!!Total population!!Asian"
"CP05_2017to2016_068SS","2017 - 2016 Statistical Significance!!RACE!!Race alone or in combination with one or more other races!!Total population!!Native Hawaiian and Other Pacific Islander"
"CP05_2017to2016_069SS","2017 - 2016 Statistical Significance!!RACE!!Race alone or in combination with one or more other races!!Total population!!Some other race"
"CP05_2017to2016_070SS","2017 - 2016 Statistical Significance!!HISPANIC OR LATINO AND RACE!!Total population"
"CP05_2017to2016_071SS","2017 - 2016 Statistical Significance!!HISPANIC OR LATINO AND RACE!!Total population!!Hispanic or Latino (of any race)"
"CP05_2017to2016_072SS","2017 - 2016 Statistical Significance!!HISPANIC OR LATINO AND RACE!!Total population!!Hispanic or Latino (of any race)!!Mexican"
"CP05_2017to2016_073SS","2017 - 2016 Statistical Significance!!HISPANIC OR LATINO AND RACE!!Total population!!Hispanic or Latino (of any race)!!Puerto Rican"
"CP05_2017to2016_074SS","2017 - 2016 Statistical Significance!!HISPANIC OR LATINO AND RACE!!Total population!!Hispanic or Latino (of any race)!!Cuban"
"CP05_2017to2016_075SS","2017 - 2016 Statistical Significance!!HISPANIC OR LATINO AND RACE!!Total population!!Hispanic or Latino (of any race)!!Other Hispanic or Latino"
"CP05_2017to2016_076SS","2017 - 2016 Statistical Significance!!HISPANIC OR LATINO AND RACE!!Total population!!Not Hispanic or Latino"
"CP05_2017to2016_077SS","2017 - 2016 Statistical Significance!!HISPANIC OR LATINO AND RACE!!Total population!!Not Hispanic or Latino!!White alone"
"CP05_2017to2016_078SS","2017 - 2016 Statistical Significance!!HISPANIC OR LATINO AND RACE!!Total population!!Not Hispanic or Latino!!Black or African American alone"
"CP05_2017to2016_079SS","2017 - 2016 Statistical Significance!!HISPANIC OR LATINO AND RACE!!Total population!!Not Hispanic or Latino!!American Indian and Alaska Native alone"
"CP05_2017to2016_080SS","2017 - 2016 Statistical Significance!!HISPANIC OR LATINO AND RACE!!Total population!!Not Hispanic or Latino!!Asian alone"
"CP05_2017to2016_081SS","2017 - 2016 Statistical Significance!!HISPANIC OR LATINO AND RACE!!Total population!!Not Hispanic or Latino!!Native Hawaiian and Other Pacific Islander alone"
"CP05_2017to2016_082SS","2017 - 2016 Statistical Significance!!HISPANIC OR LATINO AND RACE!!Total population!!Not Hispanic or Latino!!Some other race alone"
"CP05_2017to2016_083SS","2017 - 2016 Statistical Significance!!HISPANIC OR LATINO AND RACE!!Total population!!Not Hispanic or Latino!!Two or more races"
"CP05_2017to2016_084SS","2017 - 2016 Statistical Significance!!HISPANIC OR LATINO AND RACE!!Total population!!Not Hispanic or Latino!!Two or more races!!Two races including Some other race"
"CP05_2017to2016_085SS","2017 - 2016 Statistical Significance!!HISPANIC OR LATINO AND RACE!!Total population!!Not Hispanic or Latino!!Two or more races!!Two races excluding Some other race, and Three or more races"
"CP05_2017to2016_086SS","2017 - 2016 Statistical Significance!!HISPANIC OR LATINO AND RACE!!Total housing units"
"CP05_2017to2016_087SS","2017 - 2016 Statistical Significance!!CITIZEN, VOTING AGE POPULATION!!Citizen, 18 and over population"
"CP05_2017to2016_088SS","2017 - 2016 Statistical Significance!!CITIZEN, VOTING AGE POPULATION!!Citizen, 18 and over population!!Male"
"CP05_2017to2016_089SS","2017 - 2016 Statistical Significance!!CITIZEN, VOTING AGE POPULATION!!Citizen, 18 and over population!!Female"
